This is pdfTeX, Version 3.141592653-2.6-1.40.27 (MiKTeX 25.4) (preloaded format=pdflatex 2025.10.13)  6 JAN 2026 04:48
entering extended mode
 restricted \write18 enabled.
 %&-line parsing enabled.
**./main.tex
(main.tex
LaTeX2e <2025-06-01> patch level 1
L3 programming layer <2025-08-13>
(C:\Users\hp\AppData\Local\Programs\MiKTeX\tex/latex/base\book.cls
Document Class: book 2025/01/22 v1.4n Standard LaTeX document class
(C:\Users\hp\AppData\Local\Programs\MiKTeX\tex/latex/base\fleqn.clo
File: fleqn.clo 2016/12/29 v1.2b Standard LaTeX option (flush left equations)
\mathindent=\skip49
Applying: [2015/01/01] Make \[ robust on input line 50.
LaTeX Info: Redefining \[ on input line 51.
Already applied: [0000/00/00] Make \[ robust on input line 62.
Applying: [2015/01/01] Make \] robust on input line 74.
LaTeX Info: Redefining \] on input line 75.
Already applied: [0000/00/00] Make \] robust on input line 83.
)
(C:\Users\hp\AppData\Local\Programs\MiKTeX\tex/latex/base\bk12.clo
File: bk12.clo 2025/01/22 v1.4n Standard LaTeX file (size option)
)
\c@part=\count275
\c@chapter=\count276
\c@section=\count277
\c@subsection=\count278
\c@subsubsection=\count279
\c@paragraph=\count280
\c@subparagraph=\count281
\c@figure=\count282
\c@table=\count283
\abovecaptionskip=\skip50
\belowcaptionskip=\skip51
\bibindent=\dimen148
)
(structure.tex
(C:\Users\hp\AppData\Local\Programs\MiKTeX\tex/latex/geometry\geometry.sty
Package: geometry 2020/01/02 v5.9 Page Geometry

(C:\Users\hp\AppData\Local\Programs\MiKTeX\tex/latex/graphics\keyval.sty
Package: keyval 2022/05/29 v1.15 key=value parser (DPC)
\KV@toks@=\toks17
)
(C:\Users\hp\AppData\Local\Programs\MiKTeX\tex/generic/iftex\ifvtex.sty
Package: ifvtex 2019/10/25 v1.7 ifvtex legacy package. Use iftex instead.

(C:\Users\hp\AppData\Local\Programs\MiKTeX\tex/generic/iftex\iftex.sty
Package: iftex 2024/12/12 v1.0g TeX engine tests
))
\Gm@cnth=\count284
\Gm@cntv=\count285
\c@Gm@tempcnt=\count286
\Gm@bindingoffset=\dimen149
\Gm@wd@mp=\dimen150
\Gm@odd@mp=\dimen151
\Gm@even@mp=\dimen152
\Gm@layoutwidth=\dimen153
\Gm@layoutheight=\dimen154
\Gm@layouthoffset=\dimen155
\Gm@layoutvoffset=\dimen156
\Gm@dimlist=\toks18

(C:\Users\hp\AppData\Local\Programs\MiKTeX\tex/latex/geometry\geometry.cfg))
(C:\Users\hp\AppData\Local\Programs\MiKTeX\tex/latex/graphics\graphicx.sty
Package: graphicx 2024/12/31 v1.2e Enhanced LaTeX Graphics (DPC,SPQR)

(C:\Users\hp\AppData\Local\Programs\MiKTeX\tex/latex/graphics\graphics.sty
Package: graphics 2024/08/06 v1.4g Standard LaTeX Graphics (DPC,SPQR)

(C:\Users\hp\AppData\Local\Programs\MiKTeX\tex/latex/graphics\trig.sty
Package: trig 2023/12/02 v1.11 sin cos tan (DPC)
)
(C:\Users\hp\AppData\Local\Programs\MiKTeX\tex/latex/graphics-cfg\graphics.cfg
File: graphics.cfg 2016/06/04 v1.11 sample graphics configuration
)
Package graphics Info: Driver file: pdftex.def on input line 106.
(C:\Users\hp\AppData\Local\Programs\MiKTeX\tex/latex/graphics-def\pdftex.def
File: pdftex.def 2024/04/13 v1.2c Graphics/color driver for pdftex
))
\Gin@req@height=\dimen157
\Gin@req@width=\dimen158
) (C:\Users\hp\AppData\Local\Programs\MiKTeX\tex/latex/lipsum\lipsum.sty
(C:\Users\hp\AppData\Local\Programs\MiKTeX\tex/latex/l3packages/l3keys2e\l3keys
2e.sty (C:\Users\hp\AppData\Local\Programs\MiKTeX\tex/latex/l3kernel\expl3.sty
Package: expl3 2025-08-13 L3 programming layer (loader) 

(C:\Users\hp\AppData\Local\Programs\MiKTeX\tex/latex/l3backend\l3backend-pdftex
.def
File: l3backend-pdftex.def 2025-06-09 L3 backend support: PDF output (pdfTeX)
\l__color_backend_stack_int=\count287
))
Package: l3keys2e 2024-08-16 LaTeX2e option processing using LaTeX3 keys
)
Package: lipsum 2021-09-20 v2.7 150 paragraphs of Lorem Ipsum dummy text
\g__lipsum_par_int=\count288
\l__lipsum_a_int=\count289
\l__lipsum_b_int=\count290

(C:\Users\hp\AppData\Local\Programs\MiKTeX\tex/latex/lipsum\lipsum.ltd.tex))
(C:\Users\hp\AppData\Local\Programs\MiKTeX\tex/latex/pgf/frontendlayer\tikz.sty
(C:\Users\hp\AppData\Local\Programs\MiKTeX\tex/latex/pgf/basiclayer\pgf.sty
(C:\Users\hp\AppData\Local\Programs\MiKTeX\tex/latex/pgf/utilities\pgfrcs.sty
(C:\Users\hp\AppData\Local\Programs\MiKTeX\tex/generic/pgf/utilities\pgfutil-co
mmon.tex
\pgfutil@everybye=\toks19
\pgfutil@tempdima=\dimen159
\pgfutil@tempdimb=\dimen160
)
(C:\Users\hp\AppData\Local\Programs\MiKTeX\tex/generic/pgf/utilities\pgfutil-la
tex.def
\pgfutil@abb=\box53
)
(C:\Users\hp\AppData\Local\Programs\MiKTeX\tex/generic/pgf/utilities\pgfrcs.cod
e.tex
(C:\Users\hp\AppData\Local\Programs\MiKTeX\tex/generic/pgf\pgf.revision.tex)
Package: pgfrcs 2025-08-29 v3.1.11a (3.1.11a)
))
Package: pgf 2025-08-29 v3.1.11a (3.1.11a)

(C:\Users\hp\AppData\Local\Programs\MiKTeX\tex/latex/pgf/basiclayer\pgfcore.sty

(C:\Users\hp\AppData\Local\Programs\MiKTeX\tex/latex/pgf/systemlayer\pgfsys.sty

(C:\Users\hp\AppData\Local\Programs\MiKTeX\tex/generic/pgf/systemlayer\pgfsys.c
ode.tex
Package: pgfsys 2025-08-29 v3.1.11a (3.1.11a)

(C:\Users\hp\AppData\Local\Programs\MiKTeX\tex/generic/pgf/utilities\pgfkeys.co
de.tex
\pgfkeys@pathtoks=\toks20
\pgfkeys@temptoks=\toks21

(C:\Users\hp\AppData\Local\Programs\MiKTeX\tex/generic/pgf/utilities\pgfkeyslib
raryfiltered.code.tex
\pgfkeys@tmptoks=\toks22
))
\pgf@x=\dimen161
\pgf@y=\dimen162
\pgf@xa=\dimen163
\pgf@ya=\dimen164
\pgf@xb=\dimen165
\pgf@yb=\dimen166
\pgf@xc=\dimen167
\pgf@yc=\dimen168
\pgf@xd=\dimen169
\pgf@yd=\dimen170
\w@pgf@writea=\write3
\r@pgf@reada=\read2
\c@pgf@counta=\count291
\c@pgf@countb=\count292
\c@pgf@countc=\count293
\c@pgf@countd=\count294
\t@pgf@toka=\toks23
\t@pgf@tokb=\toks24
\t@pgf@tokc=\toks25
\pgf@sys@id@count=\count295

(C:\Users\hp\AppData\Local\Programs\MiKTeX\tex/generic/pgf/systemlayer\pgf.cfg
File: pgf.cfg 2025-08-29 v3.1.11a (3.1.11a)
)
Driver file for pgf: pgfsys-pdftex.def

(C:\Users\hp\AppData\Local\Programs\MiKTeX\tex/generic/pgf/systemlayer\pgfsys-p
dftex.def
File: pgfsys-pdftex.def 2025-08-29 v3.1.11a (3.1.11a)

(C:\Users\hp\AppData\Local\Programs\MiKTeX\tex/generic/pgf/systemlayer\pgfsys-c
ommon-pdf.def
File: pgfsys-common-pdf.def 2025-08-29 v3.1.11a (3.1.11a)
)))
(C:\Users\hp\AppData\Local\Programs\MiKTeX\tex/generic/pgf/systemlayer\pgfsysso
ftpath.code.tex
File: pgfsyssoftpath.code.tex 2025-08-29 v3.1.11a (3.1.11a)
\pgfsyssoftpath@smallbuffer@items=\count296
\pgfsyssoftpath@bigbuffer@items=\count297
)
(C:\Users\hp\AppData\Local\Programs\MiKTeX\tex/generic/pgf/systemlayer\pgfsyspr
otocol.code.tex
File: pgfsysprotocol.code.tex 2025-08-29 v3.1.11a (3.1.11a)
))
(C:\Users\hp\AppData\Local\Programs\MiKTeX\tex/latex/xcolor\xcolor.sty
Package: xcolor 2024/09/29 v3.02 LaTeX color extensions (UK)

(C:\Users\hp\AppData\Local\Programs\MiKTeX\tex/latex/graphics-cfg\color.cfg
File: color.cfg 2016/01/02 v1.6 sample color configuration
)
Package xcolor Info: Driver file: pdftex.def on input line 274.

(C:\Users\hp\AppData\Local\Programs\MiKTeX\tex/latex/graphics\mathcolor.ltx)
Package xcolor Info: Model `cmy' substituted by `cmy0' on input line 1349.
Package xcolor Info: Model `hsb' substituted by `rgb' on input line 1353.
Package xcolor Info: Model `RGB' extended on input line 1365.
Package xcolor Info: Model `HTML' substituted by `rgb' on input line 1367.
Package xcolor Info: Model `Hsb' substituted by `hsb' on input line 1368.
Package xcolor Info: Model `tHsb' substituted by `hsb' on input line 1369.
Package xcolor Info: Model `HSB' substituted by `hsb' on input line 1370.
Package xcolor Info: Model `Gray' substituted by `gray' on input line 1371.
Package xcolor Info: Model `wave' substituted by `hsb' on input line 1372.
)
(C:\Users\hp\AppData\Local\Programs\MiKTeX\tex/generic/pgf/basiclayer\pgfcore.c
ode.tex
Package: pgfcore 2025-08-29 v3.1.11a (3.1.11a)

(C:\Users\hp\AppData\Local\Programs\MiKTeX\tex/generic/pgf/math\pgfmath.code.te
x
(C:\Users\hp\AppData\Local\Programs\MiKTeX\tex/generic/pgf/math\pgfmathutil.cod
e.tex)
(C:\Users\hp\AppData\Local\Programs\MiKTeX\tex/generic/pgf/math\pgfmathparser.c
ode.tex
\pgfmath@dimen=\dimen171
\pgfmath@count=\count298
\pgfmath@box=\box54
\pgfmath@toks=\toks26
\pgfmath@stack@operand=\toks27
\pgfmath@stack@operation=\toks28
)
(C:\Users\hp\AppData\Local\Programs\MiKTeX\tex/generic/pgf/math\pgfmathfunction
s.code.tex)
(C:\Users\hp\AppData\Local\Programs\MiKTeX\tex/generic/pgf/math\pgfmathfunction
s.basic.code.tex)
(C:\Users\hp\AppData\Local\Programs\MiKTeX\tex/generic/pgf/math\pgfmathfunction
s.trigonometric.code.tex)
(C:\Users\hp\AppData\Local\Programs\MiKTeX\tex/generic/pgf/math\pgfmathfunction
s.random.code.tex)
(C:\Users\hp\AppData\Local\Programs\MiKTeX\tex/generic/pgf/math\pgfmathfunction
s.comparison.code.tex)
(C:\Users\hp\AppData\Local\Programs\MiKTeX\tex/generic/pgf/math\pgfmathfunction
s.base.code.tex)
(C:\Users\hp\AppData\Local\Programs\MiKTeX\tex/generic/pgf/math\pgfmathfunction
s.round.code.tex)
(C:\Users\hp\AppData\Local\Programs\MiKTeX\tex/generic/pgf/math\pgfmathfunction
s.misc.code.tex)
(C:\Users\hp\AppData\Local\Programs\MiKTeX\tex/generic/pgf/math\pgfmathfunction
s.integerarithmetics.code.tex)
(C:\Users\hp\AppData\Local\Programs\MiKTeX\tex/generic/pgf/math\pgfmathcalc.cod
e.tex)
(C:\Users\hp\AppData\Local\Programs\MiKTeX\tex/generic/pgf/math\pgfmathfloat.co
de.tex
\c@pgfmathroundto@lastzeros=\count299
))
(C:\Users\hp\AppData\Local\Programs\MiKTeX\tex/generic/pgf/math\pgfint.code.tex
)
(C:\Users\hp\AppData\Local\Programs\MiKTeX\tex/generic/pgf/basiclayer\pgfcorepo
ints.code.tex
File: pgfcorepoints.code.tex 2025-08-29 v3.1.11a (3.1.11a)
\pgf@picminx=\dimen172
\pgf@picmaxx=\dimen173
\pgf@picminy=\dimen174
\pgf@picmaxy=\dimen175
\pgf@pathminx=\dimen176
\pgf@pathmaxx=\dimen177
\pgf@pathminy=\dimen178
\pgf@pathmaxy=\dimen179
\pgf@xx=\dimen180
\pgf@xy=\dimen181
\pgf@yx=\dimen182
\pgf@yy=\dimen183
\pgf@zx=\dimen184
\pgf@zy=\dimen185
)
(C:\Users\hp\AppData\Local\Programs\MiKTeX\tex/generic/pgf/basiclayer\pgfcorepa
thconstruct.code.tex
File: pgfcorepathconstruct.code.tex 2025-08-29 v3.1.11a (3.1.11a)
\pgf@path@lastx=\dimen186
\pgf@path@lasty=\dimen187
)
(C:\Users\hp\AppData\Local\Programs\MiKTeX\tex/generic/pgf/basiclayer\pgfcorepa
thusage.code.tex
File: pgfcorepathusage.code.tex 2025-08-29 v3.1.11a (3.1.11a)
\pgf@shorten@end@additional=\dimen188
\pgf@shorten@start@additional=\dimen189
)
(C:\Users\hp\AppData\Local\Programs\MiKTeX\tex/generic/pgf/basiclayer\pgfcoresc
opes.code.tex
File: pgfcorescopes.code.tex 2025-08-29 v3.1.11a (3.1.11a)
\pgfpic=\box55
\pgf@hbox=\box56
\pgf@layerbox@main=\box57
\pgf@picture@serial@count=\count300
)
(C:\Users\hp\AppData\Local\Programs\MiKTeX\tex/generic/pgf/basiclayer\pgfcoregr
aphicstate.code.tex
File: pgfcoregraphicstate.code.tex 2025-08-29 v3.1.11a (3.1.11a)
\pgflinewidth=\dimen190
)
(C:\Users\hp\AppData\Local\Programs\MiKTeX\tex/generic/pgf/basiclayer\pgfcoretr
ansformations.code.tex
File: pgfcoretransformations.code.tex 2025-08-29 v3.1.11a (3.1.11a)
\pgf@pt@x=\dimen191
\pgf@pt@y=\dimen192
\pgf@pt@temp=\dimen193
)
(C:\Users\hp\AppData\Local\Programs\MiKTeX\tex/generic/pgf/basiclayer\pgfcorequ
ick.code.tex
File: pgfcorequick.code.tex 2025-08-29 v3.1.11a (3.1.11a)
)
(C:\Users\hp\AppData\Local\Programs\MiKTeX\tex/generic/pgf/basiclayer\pgfcoreob
jects.code.tex
File: pgfcoreobjects.code.tex 2025-08-29 v3.1.11a (3.1.11a)
)
(C:\Users\hp\AppData\Local\Programs\MiKTeX\tex/generic/pgf/basiclayer\pgfcorepa
thprocessing.code.tex
File: pgfcorepathprocessing.code.tex 2025-08-29 v3.1.11a (3.1.11a)
)
(C:\Users\hp\AppData\Local\Programs\MiKTeX\tex/generic/pgf/basiclayer\pgfcorear
rows.code.tex
File: pgfcorearrows.code.tex 2025-08-29 v3.1.11a (3.1.11a)
\pgfarrowsep=\dimen194
)
(C:\Users\hp\AppData\Local\Programs\MiKTeX\tex/generic/pgf/basiclayer\pgfcoresh
ade.code.tex
File: pgfcoreshade.code.tex 2025-08-29 v3.1.11a (3.1.11a)
\pgf@max=\dimen195
\pgf@sys@shading@range@num=\count301
\pgf@shadingcount=\count302
)
(C:\Users\hp\AppData\Local\Programs\MiKTeX\tex/generic/pgf/basiclayer\pgfcoreim
age.code.tex
File: pgfcoreimage.code.tex 2025-08-29 v3.1.11a (3.1.11a)
)
(C:\Users\hp\AppData\Local\Programs\MiKTeX\tex/generic/pgf/basiclayer\pgfcoreex
ternal.code.tex
File: pgfcoreexternal.code.tex 2025-08-29 v3.1.11a (3.1.11a)
\pgfexternal@startupbox=\box58
)
(C:\Users\hp\AppData\Local\Programs\MiKTeX\tex/generic/pgf/basiclayer\pgfcorela
yers.code.tex
File: pgfcorelayers.code.tex 2025-08-29 v3.1.11a (3.1.11a)
)
(C:\Users\hp\AppData\Local\Programs\MiKTeX\tex/generic/pgf/basiclayer\pgfcoretr
ansparency.code.tex
File: pgfcoretransparency.code.tex 2025-08-29 v3.1.11a (3.1.11a)
)
(C:\Users\hp\AppData\Local\Programs\MiKTeX\tex/generic/pgf/basiclayer\pgfcorepa
tterns.code.tex
File: pgfcorepatterns.code.tex 2025-08-29 v3.1.11a (3.1.11a)
)
(C:\Users\hp\AppData\Local\Programs\MiKTeX\tex/generic/pgf/basiclayer\pgfcorerd
f.code.tex
File: pgfcorerdf.code.tex 2025-08-29 v3.1.11a (3.1.11a)
)))
(C:\Users\hp\AppData\Local\Programs\MiKTeX\tex/generic/pgf/modules\pgfmodulesha
pes.code.tex
File: pgfmoduleshapes.code.tex 2025-08-29 v3.1.11a (3.1.11a)
\pgfnodeparttextbox=\box59
)
(C:\Users\hp\AppData\Local\Programs\MiKTeX\tex/generic/pgf/modules\pgfmoduleplo
t.code.tex
File: pgfmoduleplot.code.tex 2025-08-29 v3.1.11a (3.1.11a)
)
(C:\Users\hp\AppData\Local\Programs\MiKTeX\tex/latex/pgf/compatibility\pgfcomp-
version-0-65.sty
Package: pgfcomp-version-0-65 2025-08-29 v3.1.11a (3.1.11a)
\pgf@nodesepstart=\dimen196
\pgf@nodesepend=\dimen197
)
(C:\Users\hp\AppData\Local\Programs\MiKTeX\tex/latex/pgf/compatibility\pgfcomp-
version-1-18.sty
Package: pgfcomp-version-1-18 2025-08-29 v3.1.11a (3.1.11a)
))
(C:\Users\hp\AppData\Local\Programs\MiKTeX\tex/latex/pgf/utilities\pgffor.sty
(C:\Users\hp\AppData\Local\Programs\MiKTeX\tex/latex/pgf/utilities\pgfkeys.sty
(C:\Users\hp\AppData\Local\Programs\MiKTeX\tex/generic/pgf/utilities\pgfkeys.co
de.tex))
(C:\Users\hp\AppData\Local\Programs\MiKTeX\tex/latex/pgf/math\pgfmath.sty
(C:\Users\hp\AppData\Local\Programs\MiKTeX\tex/generic/pgf/math\pgfmath.code.te
x))
(C:\Users\hp\AppData\Local\Programs\MiKTeX\tex/generic/pgf/utilities\pgffor.cod
e.tex
Package: pgffor 2025-08-29 v3.1.11a (3.1.11a)
\pgffor@iter=\dimen198
\pgffor@skip=\dimen199
\pgffor@stack=\toks29
\pgffor@toks=\toks30
))
(C:\Users\hp\AppData\Local\Programs\MiKTeX\tex/generic/pgf/frontendlayer/tikz\t
ikz.code.tex
Package: tikz 2025-08-29 v3.1.11a (3.1.11a)

(C:\Users\hp\AppData\Local\Programs\MiKTeX\tex/generic/pgf/libraries\pgflibrary
plothandlers.code.tex
File: pgflibraryplothandlers.code.tex 2025-08-29 v3.1.11a (3.1.11a)
\pgf@plot@mark@count=\count303
\pgfplotmarksize=\dimen256
)
\tikz@lastx=\dimen257
\tikz@lasty=\dimen258
\tikz@lastxsaved=\dimen259
\tikz@lastysaved=\dimen260
\tikz@lastmovetox=\dimen261
\tikz@lastmovetoy=\dimen262
\tikzleveldistance=\dimen263
\tikzsiblingdistance=\dimen264
\tikz@figbox=\box60
\tikz@figbox@bg=\box61
\tikz@tempbox=\box62
\tikz@tempbox@bg=\box63
\tikztreelevel=\count304
\tikznumberofchildren=\count305
\tikznumberofcurrentchild=\count306
\tikz@fig@count=\count307

(C:\Users\hp\AppData\Local\Programs\MiKTeX\tex/generic/pgf/modules\pgfmodulemat
rix.code.tex
File: pgfmodulematrix.code.tex 2025-08-29 v3.1.11a (3.1.11a)
\pgfmatrixcurrentrow=\count308
\pgfmatrixcurrentcolumn=\count309
\pgf@matrix@numberofcolumns=\count310
)
\tikz@expandcount=\count311

(C:\Users\hp\AppData\Local\Programs\MiKTeX\tex/generic/pgf/frontendlayer/tikz/l
ibraries\tikzlibrarytopaths.code.tex
File: tikzlibrarytopaths.code.tex 2025-08-29 v3.1.11a (3.1.11a)
)))
(C:\Users\hp\AppData\Local\Programs\MiKTeX\tex/generic/babel\babel.sty
Package: babel 2025/08/03 v25.12 The multilingual framework for LuaLaTeX, pdfLa
TeX and XeLaTeX
\babel@savecnt=\count312
LaTeX Encoding Info:    Redeclaring text command \ij (encoding OT1) on input li
ne 2045.
LaTeX Encoding Info:    Redeclaring text command \IJ (encoding OT1) on input li
ne 2047.
LaTeX Encoding Info:    Redeclaring text command \ij (encoding T1) on input lin
e 2049.
LaTeX Encoding Info:    Redeclaring text command \IJ (encoding T1) on input lin
e 2050.
LaTeX Encoding Info:    Ignoring declaration for text command \ij (encoding ?) 
on input line 2051.
LaTeX Encoding Info:    Ignoring declaration for text command \IJ (encoding ?) 
on input line 2053.
LaTeX Encoding Info:    Ignoring declaration for text command \SS (encoding ?) 
on input line 2078.
\U@D=\dimen265
\l@unhyphenated=\language79

(C:\Users\hp\AppData\Local\Programs\MiKTeX\tex/generic/babel\txtbabel.def)
\bbl@readstream=\read3
\bbl@dirlevel=\count313

*************************************
* Local config file bblopts.cfg used
*
(C:\Users\hp\AppData\Local\Programs\MiKTeX\tex/latex/arabi\bblopts.cfg
File: bblopts.cfg 2005/09/08 v0.1 add Arabic and Farsi to "declared" options of
 babel
)
(C:\Users\hp\AppData\Local\Programs\MiKTeX\tex/latex/babel-english\english.ldf
Language: english 2017/06/06 v3.3r English support from the babel system

(C:\Users\hp\AppData\Local\Programs\MiKTeX\tex/generic/babel/locale/en\babel-en
glish.tex
Package babel Info: Importing font and identification data for english
(babel)             from babel-en.ini. Reported on input line 12.
)
Package babel Info: Hyphen rules for 'canadian' set to \l@english
(babel)             (\language0). Reported on input line 102.
Package babel Info: Hyphen rules for 'australian' set to \l@ukenglish
(babel)             (\language73). Reported on input line 105.
Package babel Info: Hyphen rules for 'newzealand' set to \l@ukenglish
(babel)             (\language73). Reported on input line 108.
))
(C:\Users\hp\AppData\Local\Programs\MiKTeX\tex/latex/enumitem\enumitem.sty
Package: enumitem 2025/02/06 v3.11 Customized lists
\labelindent=\skip52
\enit@outerparindent=\dimen266
\enit@toks=\toks31
\enit@inbox=\box64
\enit@count@id=\count314
\enitdp@description=\count315
)
(C:\Users\hp\AppData\Local\Programs\MiKTeX\tex/latex/booktabs\booktabs.sty
Package: booktabs 2020/01/12 v1.61803398 Publication quality tables
\heavyrulewidth=\dimen267
\lightrulewidth=\dimen268
\cmidrulewidth=\dimen269
\belowrulesep=\dimen270
\belowbottomsep=\dimen271
\aboverulesep=\dimen272
\abovetopsep=\dimen273
\cmidrulesep=\dimen274
\cmidrulekern=\dimen275
\defaultaddspace=\dimen276
\@cmidla=\count316
\@cmidlb=\count317
\@aboverulesep=\dimen277
\@belowrulesep=\dimen278
\@thisruleclass=\count318
\@lastruleclass=\count319
\@thisrulewidth=\dimen279
)
(C:\Users\hp\AppData\Local\Programs\MiKTeX\tex/latex/tocloft\tocloft.sty
Package: tocloft 2017/08/31 v2.3i parameterised ToC, etc., typesetting
Package tocloft Info: The document has chapter divisions on input line 51.
\cftparskip=\skip53
\cftbeforetoctitleskip=\skip54
\cftaftertoctitleskip=\skip55
\cftbeforepartskip=\skip56
\cftpartnumwidth=\skip57
\cftpartindent=\skip58
\cftbeforechapskip=\skip59
\cftchapindent=\skip60
\cftchapnumwidth=\skip61
\cftbeforesecskip=\skip62
\cftsecindent=\skip63
\cftsecnumwidth=\skip64
\cftbeforesubsecskip=\skip65
\cftsubsecindent=\skip66
\cftsubsecnumwidth=\skip67
\cftbeforesubsubsecskip=\skip68
\cftsubsubsecindent=\skip69
\cftsubsubsecnumwidth=\skip70
\cftbeforeparaskip=\skip71
\cftparaindent=\skip72
\cftparanumwidth=\skip73
\cftbeforesubparaskip=\skip74
\cftsubparaindent=\skip75
\cftsubparanumwidth=\skip76
\cftbeforeloftitleskip=\skip77
\cftafterloftitleskip=\skip78
\cftbeforefigskip=\skip79
\cftfigindent=\skip80
\cftfignumwidth=\skip81
\c@lofdepth=\count320
\c@lotdepth=\count321
\cftbeforelottitleskip=\skip82
\cftafterlottitleskip=\skip83
\cftbeforetabskip=\skip84
\cfttabindent=\skip85
\cfttabnumwidth=\skip86
)
(C:\Users\hp\AppData\Local\Programs\MiKTeX\tex/latex/float\float.sty
Package: float 2001/11/08 v1.3d Float enhancements (AL)
\c@float@type=\count322
\float@exts=\toks32
\float@box=\box65
\@float@everytoks=\toks33
\@floatcapt=\box66
)
(C:\Users\hp\AppData\Local\Programs\MiKTeX\tex/latex/tools\tabularx.sty
Package: tabularx 2023/12/11 v2.12a `tabularx' package (DPC)

(C:\Users\hp\AppData\Local\Programs\MiKTeX\tex/latex/tools\array.sty
Package: array 2025/06/08 v2.6j Tabular extension package (FMi)
\col@sep=\dimen280
\ar@mcellbox=\box67
\extrarowheight=\dimen281
\NC@list=\toks34
\extratabsurround=\skip87
\backup@length=\skip88
\ar@cellbox=\box68
)
\TX@col@width=\dimen282
\TX@old@table=\dimen283
\TX@old@col=\dimen284
\TX@target=\dimen285
\TX@delta=\dimen286
\TX@cols=\count323
\TX@ftn=\toks35
)
(C:\Users\hp\AppData\Local\Programs\MiKTeX\tex/latex/colortbl\colortbl.sty
Package: colortbl 2024/10/29 v1.0k Color table columns (DPC)
\everycr=\toks36
\minrowclearance=\skip89
\rownum=\count324
)
(C:\Users\hp\AppData\Local\Programs\MiKTeX\tex/latex/tools\longtable.sty
Package: longtable 2024-12-18 v4.23 Multi-page Table package (DPC)
\LTleft=\skip90
\LTright=\skip91
\LTpre=\skip92
\LTpost=\skip93
\LTchunksize=\count325
\LTcapwidth=\dimen287
\LT@head=\box69
\LT@firsthead=\box70
\LT@foot=\box71
\LT@lastfoot=\box72
\LT@gbox=\box73
\LT@cols=\count326
\LT@rows=\count327
\c@LT@tables=\count328
\c@LT@chunks=\count329
\LT@p@ftn=\toks37
)
(C:\Users\hp\AppData\Local\Programs\MiKTeX\tex/latex/psnfss\avant.sty
Package: avant 2020/03/25 PSNFSS-v9.3 (SPQR) 
)
(C:\Users\hp\AppData\Local\Programs\MiKTeX\tex/latex/psnfss\mathptmx.sty
Package: mathptmx 2020/03/25 PSNFSS-v9.3 Times w/ Math, improved (SPQR, WaS) 
LaTeX Font Info:    Redeclaring symbol font `operators' on input line 28.
LaTeX Font Info:    Overwriting symbol font `operators' in version `normal'
(Font)                  OT1/cmr/m/n --> OT1/ztmcm/m/n on input line 28.
LaTeX Font Info:    Overwriting symbol font `operators' in version `bold'
(Font)                  OT1/cmr/bx/n --> OT1/ztmcm/m/n on input line 28.
LaTeX Font Info:    Redeclaring symbol font `letters' on input line 29.
LaTeX Font Info:    Overwriting symbol font `letters' in version `normal'
(Font)                  OML/cmm/m/it --> OML/ztmcm/m/it on input line 29.
LaTeX Font Info:    Overwriting symbol font `letters' in version `bold'
(Font)                  OML/cmm/b/it --> OML/ztmcm/m/it on input line 29.
LaTeX Font Info:    Redeclaring symbol font `symbols' on input line 30.
LaTeX Font Info:    Overwriting symbol font `symbols' in version `normal'
(Font)                  OMS/cmsy/m/n --> OMS/ztmcm/m/n on input line 30.
LaTeX Font Info:    Overwriting symbol font `symbols' in version `bold'
(Font)                  OMS/cmsy/b/n --> OMS/ztmcm/m/n on input line 30.
LaTeX Font Info:    Redeclaring symbol font `largesymbols' on input line 31.
LaTeX Font Info:    Overwriting symbol font `largesymbols' in version `normal'
(Font)                  OMX/cmex/m/n --> OMX/ztmcm/m/n on input line 31.
LaTeX Font Info:    Overwriting symbol font `largesymbols' in version `bold'
(Font)                  OMX/cmex/m/n --> OMX/ztmcm/m/n on input line 31.
\symbold=\mathgroup4
\symitalic=\mathgroup5
LaTeX Font Info:    Redeclaring math alphabet \mathbf on input line 34.
LaTeX Font Info:    Overwriting math alphabet `\mathbf' in version `normal'
(Font)                  OT1/cmr/bx/n --> OT1/ptm/bx/n on input line 34.
LaTeX Font Info:    Overwriting math alphabet `\mathbf' in version `bold'
(Font)                  OT1/cmr/bx/n --> OT1/ptm/bx/n on input line 34.
LaTeX Font Info:    Redeclaring math alphabet \mathit on input line 35.
LaTeX Font Info:    Overwriting math alphabet `\mathit' in version `normal'
(Font)                  OT1/cmr/m/it --> OT1/ptm/m/it on input line 35.
LaTeX Font Info:    Overwriting math alphabet `\mathit' in version `bold'
(Font)                  OT1/cmr/bx/it --> OT1/ptm/m/it on input line 35.
LaTeX Info: Redefining \hbar on input line 50.
)
(C:\Users\hp\AppData\Local\Programs\MiKTeX\tex/latex/microtype\microtype.sty
Package: microtype 2025/07/09 v3.2b Micro-typographical refinements (RS)

(C:\Users\hp\AppData\Local\Programs\MiKTeX\tex/latex/etoolbox\etoolbox.sty
Package: etoolbox 2025/02/11 v2.5l e-TeX tools for LaTeX (JAW)
\etb@tempcnta=\count330
)
\MT@toks=\toks38
\MT@tempbox=\box74
\MT@count=\count331
LaTeX Info: Redefining \noprotrusionifhmode on input line 1087.
LaTeX Info: Redefining \leftprotrusion on input line 1088.
\MT@prot@toks=\toks39
LaTeX Info: Redefining \rightprotrusion on input line 1107.
LaTeX Info: Redefining \textls on input line 1449.
\MT@outer@kern=\dimen288
LaTeX Info: Redefining \microtypecontext on input line 2053.
LaTeX Info: Redefining \textmicrotypecontext on input line 2070.
\MT@listname@count=\count332

(C:\Users\hp\AppData\Local\Programs\MiKTeX\tex/latex/microtype\microtype-pdftex
.def
File: microtype-pdftex.def 2025/07/09 v3.2b Definitions specific to pdftex (RS)

LaTeX Info: Redefining \lsstyle on input line 944.
LaTeX Info: Redefining \lslig on input line 944.
\MT@outer@space=\skip94
)
Package microtype Info: Loading configuration file microtype.cfg.

(C:\Users\hp\AppData\Local\Programs\MiKTeX\tex/latex/microtype\microtype.cfg
File: microtype.cfg 2025/07/09 v3.2b microtype main configuration file (RS)
)
LaTeX Info: Redefining \microtypesetup on input line 3065.
)
(C:\Users\hp\AppData\Local\Programs\MiKTeX\tex/latex/base\inputenc.sty
Package: inputenc 2024/02/08 v1.3d Input encoding file
\inpenc@prehook=\toks40
\inpenc@posthook=\toks41
)
(C:\Users\hp\AppData\Local\Programs\MiKTeX\tex/latex/base\fontenc.sty
Package: fontenc 2024/12/21 v2.1c Standard LaTeX package
LaTeX Font Info:    Trying to load font information for T1+ptm on input line 11
6.

(C:\Users\hp\AppData\Local\Programs\MiKTeX\tex/latex/psnfss\t1ptm.fd
File: t1ptm.fd 2001/06/04 font definitions for T1/ptm.
))
(C:\Users\hp\AppData\Local\Programs\MiKTeX\tex/latex/biblatex\biblatex.sty
Package: biblatex 2025/07/10 v3.21 programmable bibliographies (PK/MW)

(C:\Users\hp\AppData\Local\Programs\MiKTeX\tex/generic/pdftexcmds\pdftexcmds.st
y
Package: pdftexcmds 2020-06-27 v0.33 Utility functions of pdfTeX for LuaTeX (HO
)

(C:\Users\hp\AppData\Local\Programs\MiKTeX\tex/generic/infwarerr\infwarerr.sty
Package: infwarerr 2019/12/03 v1.5 Providing info/warning/error messages (HO)
) (C:\Users\hp\AppData\Local\Programs\MiKTeX\tex/generic/ltxcmds\ltxcmds.sty
Package: ltxcmds 2023-12-04 v1.26 LaTeX kernel commands for general use (HO)
)
Package pdftexcmds Info: \pdf@primitive is available.
Package pdftexcmds Info: \pdf@ifprimitive is available.
Package pdftexcmds Info: \pdfdraftmode found.
)
(C:\Users\hp\AppData\Local\Programs\MiKTeX\tex/latex/kvoptions\kvoptions.sty
Package: kvoptions 2022-06-15 v3.15 Key value format for package options (HO)

(C:\Users\hp\AppData\Local\Programs\MiKTeX\tex/latex/kvsetkeys\kvsetkeys.sty
Package: kvsetkeys 2022-10-05 v1.19 Key value parser (HO)
))
(C:\Users\hp\AppData\Local\Programs\MiKTeX\tex/latex/logreq\logreq.sty
Package: logreq 2010/08/04 v1.0 xml request logger
\lrq@indent=\count333

(C:\Users\hp\AppData\Local\Programs\MiKTeX\tex/latex/logreq\logreq.def
File: logreq.def 2010/08/04 v1.0 logreq spec v1.0
))
(C:\Users\hp\AppData\Local\Programs\MiKTeX\tex/latex/base\ifthen.sty
Package: ifthen 2024/03/16 v1.1e Standard LaTeX ifthen package (DPC)
)
(C:\Users\hp\AppData\Local\Programs\MiKTeX\tex/latex/url\url.sty
\Urlmuskip=\muskip17
Package: url 2013/09/16  ver 3.4  Verb mode for urls, etc.
)
\c@tabx@nest=\count334
\c@listtotal=\count335
\c@listcount=\count336
\c@liststart=\count337
\c@liststop=\count338
\c@citecount=\count339
\c@citetotal=\count340
\c@multicitecount=\count341
\c@multicitetotal=\count342
\c@instcount=\count343
\c@maxnames=\count344
\c@minnames=\count345
\c@maxitems=\count346
\c@minitems=\count347
\c@citecounter=\count348
\c@maxcitecounter=\count349
\c@savedcitecounter=\count350
\c@uniquelist=\count351
\c@uniquename=\count352
\c@refsection=\count353
\c@refsegment=\count354
\c@maxextratitle=\count355
\c@maxextratitleyear=\count356
\c@maxextraname=\count357
\c@maxextradate=\count358
\c@maxextraalpha=\count359
\c@abbrvpenalty=\count360
\c@highnamepenalty=\count361
\c@lownamepenalty=\count362
\c@maxparens=\count363
\c@parenlevel=\count364
\blx@tempcnta=\count365
\blx@tempcntb=\count366
\blx@tempcntc=\count367
\c@blx@maxsection=\count368
\blx@maxsegment@0=\count369
\blx@notetype=\count370
\blx@parenlevel@text=\count371
\blx@parenlevel@foot=\count372
\blx@sectionciteorder@0=\count373
\blx@sectionciteorderinternal@0=\count374
\blx@entrysetcounter=\count375
\blx@biblioinstance=\count376
\labelnumberwidth=\skip95
\labelalphawidth=\skip96
\biblabelsep=\skip97
\bibitemsep=\skip98
\bibnamesep=\skip99
\bibinitsep=\skip100
\bibparsep=\skip101
\bibhang=\skip102
\blx@bcfin=\read4
\blx@bcfout=\write4
\blx@langwohyphens=\language80
\c@mincomprange=\count377
\c@maxcomprange=\count378
\c@mincompwidth=\count379
Package biblatex Info: Trying to load biblatex default data model...
Package biblatex Info: ... file 'blx-dm.def' found.

(C:\Users\hp\AppData\Local\Programs\MiKTeX\tex/latex/biblatex\blx-dm.def
File: blx-dm.def 2025/07/10 v3.21 biblatex datamodel (PK/MW)
)
Package biblatex Info: Trying to load biblatex style data model...
Package biblatex Info: ... file 'authoryear.dbx' not found.
Package biblatex Info: Trying to load biblatex custom data model...
Package biblatex Info: ... file 'biblatex-dm.cfg' not found.
\c@afterword=\count380
\c@savedafterword=\count381
\c@annotator=\count382
\c@savedannotator=\count383
\c@author=\count384
\c@savedauthor=\count385
\c@bookauthor=\count386
\c@savedbookauthor=\count387
\c@commentator=\count388
\c@savedcommentator=\count389
\c@editor=\count390
\c@savededitor=\count391
\c@editora=\count392
\c@savededitora=\count393
\c@editorb=\count394
\c@savededitorb=\count395
\c@editorc=\count396
\c@savededitorc=\count397
\c@foreword=\count398
\c@savedforeword=\count399
\c@holder=\count400
\c@savedholder=\count401
\c@introduction=\count402
\c@savedintroduction=\count403
\c@namea=\count404
\c@savednamea=\count405
\c@nameb=\count406
\c@savednameb=\count407
\c@namec=\count408
\c@savednamec=\count409
\c@translator=\count410
\c@savedtranslator=\count411
\c@shortauthor=\count412
\c@savedshortauthor=\count413
\c@shorteditor=\count414
\c@savedshorteditor=\count415
\c@labelname=\count416
\c@savedlabelname=\count417
\c@institution=\count418
\c@savedinstitution=\count419
\c@lista=\count420
\c@savedlista=\count421
\c@listb=\count422
\c@savedlistb=\count423
\c@listc=\count424
\c@savedlistc=\count425
\c@listd=\count426
\c@savedlistd=\count427
\c@liste=\count428
\c@savedliste=\count429
\c@listf=\count430
\c@savedlistf=\count431
\c@location=\count432
\c@savedlocation=\count433
\c@organization=\count434
\c@savedorganization=\count435
\c@origlocation=\count436
\c@savedoriglocation=\count437
\c@origpublisher=\count438
\c@savedorigpublisher=\count439
\c@publisher=\count440
\c@savedpublisher=\count441
\c@language=\count442
\c@savedlanguage=\count443
\c@origlanguage=\count444
\c@savedoriglanguage=\count445
\c@pageref=\count446
\c@savedpageref=\count447
\shorthandwidth=\skip103
\shortjournalwidth=\skip104
\shortserieswidth=\skip105
\shorttitlewidth=\skip106
\shortauthorwidth=\skip107
\shorteditorwidth=\skip108
\locallabelnumberwidth=\skip109
\locallabelalphawidth=\skip110
\localshorthandwidth=\skip111
\localshortjournalwidth=\skip112
\localshortserieswidth=\skip113
\localshorttitlewidth=\skip114
\localshortauthorwidth=\skip115
\localshorteditorwidth=\skip116
Package biblatex Info: Trying to load compatibility code...
Package biblatex Info: ... file 'blx-compat.def' found.

(C:\Users\hp\AppData\Local\Programs\MiKTeX\tex/latex/biblatex\blx-compat.def
File: blx-compat.def 2025/07/10 v3.21 biblatex compatibility (PK/MW)
)
Package biblatex Info: Trying to load generic definitions...
Package biblatex Info: ... file 'biblatex.def' found.

(C:\Users\hp\AppData\Local\Programs\MiKTeX\tex/latex/biblatex\biblatex.def
File: biblatex.def 2025/07/10 v3.21 biblatex compatibility (PK/MW)
\c@textcitecount=\count448
\c@textcitetotal=\count449
\c@textcitemaxnames=\count450
\c@biburlbigbreakpenalty=\count451
\c@biburlbreakpenalty=\count452
\c@biburlnumpenalty=\count453
\c@biburlucpenalty=\count454
\c@biburllcpenalty=\count455
\biburlbigskip=\muskip18
\biburlnumskip=\muskip19
\biburlucskip=\muskip20
\biburllcskip=\muskip21
\c@smartand=\count456
)
Package biblatex Info: Trying to load bibliography style 'authoryear'...
Package biblatex Info: ... file 'authoryear.bbx' found.

(C:\Users\hp\AppData\Local\Programs\MiKTeX\tex/latex/biblatex/bbx\authoryear.bb
x
File: authoryear.bbx 2025/07/10 v3.21 biblatex bibliography style (PK/MW)
Package biblatex Info: Trying to load bibliography style 'standard'...
Package biblatex Info: ... file 'standard.bbx' found.

(C:\Users\hp\AppData\Local\Programs\MiKTeX\tex/latex/biblatex/bbx\standard.bbx
File: standard.bbx 2025/07/10 v3.21 biblatex bibliography style (PK/MW)
\c@bbx:relatedcount=\count457
\c@bbx:relatedtotal=\count458
))
Package biblatex Info: Trying to load citation style 'authoryear'...
Package biblatex Info: ... file 'authoryear.cbx' found.

(C:\Users\hp\AppData\Local\Programs\MiKTeX\tex/latex/biblatex/cbx\authoryear.cb
x
File: authoryear.cbx 2025/07/10 v3.21 biblatex citation style (PK/MW)
Package biblatex Info: Redefining '\cite'.
Package biblatex Info: Redefining '\parencite'.
Package biblatex Info: Redefining '\footcite'.
Package biblatex Info: Redefining '\footcitetext'.
Package biblatex Info: Redefining '\smartcite'.
Package biblatex Info: Redefining '\textcite'.
Package biblatex Info: Redefining '\textcites'.
)
Package biblatex Info: Trying to load configuration file...
Package biblatex Info: ... file 'biblatex.cfg' found.
 (C:\Users\hp\AppData\Local\Programs\MiKTeX\tex/latex/biblatex\biblatex.cfg
File: biblatex.cfg 
)
Package biblatex Info: Input encoding 'utf8' detected.
Package biblatex Info: Document encoding is UTF8 ....
Package biblatex Info: ... and expl3
(biblatex)             2025-08-13 L3 programming layer (loader) 
(biblatex)             is new enough (at least 2020/04/06),
(biblatex)             setting 'casechanger=expl3'.

(C:\Users\hp\AppData\Local\Programs\MiKTeX\tex/latex/biblatex\blx-case-expl3.st
y
(C:\Users\hp\AppData\Local\Programs\MiKTeX\tex/latex/l3packages/xparse\xparse.s
ty
Package: xparse 2024-08-16 L3 Experimental document command parser
)
Package: blx-case-expl3 2025/07/10 v3.21 expl3 case changing code for biblatex
))
(C:\Users\hp\AppData\Local\Programs\MiKTeX\tex/latex/hyperref\hyperref.sty
Package: hyperref 2025-07-12 v7.01o Hypertext links for LaTeX

(C:\Users\hp\AppData\Local\Programs\MiKTeX\tex/generic/kvdefinekeys\kvdefinekey
s.sty
Package: kvdefinekeys 2019-12-19 v1.6 Define keys (HO)
)
(C:\Users\hp\AppData\Local\Programs\MiKTeX\tex/generic/pdfescape\pdfescape.sty
Package: pdfescape 2019/12/09 v1.15 Implements pdfTeX's escape features (HO)
) (C:\Users\hp\AppData\Local\Programs\MiKTeX\tex/latex/hycolor\hycolor.sty
Package: hycolor 2020-01-27 v1.10 Color options for hyperref/bookmark (HO)
)
(C:\Users\hp\AppData\Local\Programs\MiKTeX\tex/latex/hyperref\nameref.sty
Package: nameref 2025-06-21 v2.57 Cross-referencing by name of section

(C:\Users\hp\AppData\Local\Programs\MiKTeX\tex/latex/refcount\refcount.sty
Package: refcount 2019/12/15 v3.6 Data extraction from label references (HO)
)
(C:\Users\hp\AppData\Local\Programs\MiKTeX\tex/generic/gettitlestring\gettitles
tring.sty
Package: gettitlestring 2019/12/15 v1.6 Cleanup title references (HO)
)
\c@section@level=\count459
)
(C:\Users\hp\AppData\Local\Programs\MiKTeX\tex/generic/stringenc\stringenc.sty
Package: stringenc 2019/11/29 v1.12 Convert strings between diff. encodings (HO
)
)
\@linkdim=\dimen289
\Hy@linkcounter=\count460
\Hy@pagecounter=\count461
(C:\Users\hp\AppData\Local\Programs\MiKTeX\tex/latex/hyperref\pd1enc.def
File: pd1enc.def 2025-07-12 v7.01o Hyperref: PDFDocEncoding definition (HO)
Now handling font encoding PD1 ...
... no UTF-8 mapping file for font encoding PD1
)
(C:\Users\hp\AppData\Local\Programs\MiKTeX\tex/generic/intcalc\intcalc.sty
Package: intcalc 2019/12/15 v1.3 Expandable calculations with integers (HO)
)
\Hy@SavedSpaceFactor=\count462

(C:\Users\hp\AppData\Local\Programs\MiKTeX\tex/latex/hyperref\puenc.def
File: puenc.def 2025-07-12 v7.01o Hyperref: PDF Unicode definition (HO)
Now handling font encoding PU ...
... no UTF-8 mapping file for font encoding PU
)
Package hyperref Info: Hyper figures OFF on input line 4195.
Package hyperref Info: Link nesting OFF on input line 4200.
Package hyperref Info: Hyper index ON on input line 4203.
Package hyperref Info: Plain pages OFF on input line 4210.
Package hyperref Info: Backreferencing OFF on input line 4215.
Package hyperref Info: Implicit mode ON; LaTeX internals redefined.
Package hyperref Info: Bookmarks ON on input line 4462.
\c@Hy@tempcnt=\count463
LaTeX Info: Redefining \url on input line 4801.
\XeTeXLinkMargin=\dimen290

(C:\Users\hp\AppData\Local\Programs\MiKTeX\tex/generic/bitset\bitset.sty
Package: bitset 2019/12/09 v1.3 Handle bit-vector datatype (HO)

(C:\Users\hp\AppData\Local\Programs\MiKTeX\tex/generic/bigintcalc\bigintcalc.st
y
Package: bigintcalc 2019/12/15 v1.5 Expandable calculations on big integers (HO
)
))
\Fld@menulength=\count464
\Field@Width=\dimen291
\Fld@charsize=\dimen292
Package hyperref Info: Hyper figures OFF on input line 6078.
Package hyperref Info: Link nesting OFF on input line 6083.
Package hyperref Info: Hyper index ON on input line 6086.
Package hyperref Info: backreferencing OFF on input line 6093.
Package hyperref Info: Link coloring OFF on input line 6098.
Package hyperref Info: Link coloring with OCG OFF on input line 6103.
Package hyperref Info: PDF/A mode OFF on input line 6108.
\Hy@abspage=\count465
\c@Item=\count466
\c@Hfootnote=\count467
)
Package hyperref Info: Driver (autodetected): hpdftex.
 (C:\Users\hp\AppData\Local\Programs\MiKTeX\tex/latex/hyperref\hpdftex.def
File: hpdftex.def 2025-07-12 v7.01o Hyperref driver for pdfTeX
\Fld@listcount=\count468
\c@bookmark@seq@number=\count469

(C:\Users\hp\AppData\Local\Programs\MiKTeX\tex/latex/rerunfilecheck\rerunfilech
eck.sty
Package: rerunfilecheck 2025-06-21 v1.11 Rerun checks for auxiliary files (HO)

(C:\Users\hp\AppData\Local\Programs\MiKTeX\tex/generic/uniquecounter\uniquecoun
ter.sty
Package: uniquecounter 2019/12/15 v1.4 Provide unlimited unique counter (HO)
)
Package uniquecounter Info: New unique counter `rerunfilecheck' on input line 2
84.
)
\Hy@SectionHShift=\skip117
)
(C:\Users\hp\AppData\Local\Programs\MiKTeX\tex/latex/titlesec\titletoc.sty
Package: titletoc 2025/01/04 v2.17 TOC entries
\ttl@leftsep=\dimen293
)
(C:\Users\hp\AppData\Local\Programs\MiKTeX\tex/latex/fancyhdr\fancyhdr.sty
Package: fancyhdr 2025/02/07 v5.2 Extensive control of page headers and footers

\f@nch@headwidth=\skip118
\f@nch@offset@elh=\skip119
\f@nch@offset@erh=\skip120
\f@nch@offset@olh=\skip121
\f@nch@offset@orh=\skip122
\f@nch@offset@elf=\skip123
\f@nch@offset@erf=\skip124
\f@nch@offset@olf=\skip125
\f@nch@offset@orf=\skip126
\f@nch@height=\skip127
\f@nch@footalignment=\skip128
\f@nch@widthL=\skip129
\f@nch@widthC=\skip130
\f@nch@widthR=\skip131
\@temptokenb=\toks42
)
(C:\Users\hp\AppData\Local\Programs\MiKTeX\tex/latex/amsmath\amsmath.sty
Package: amsmath 2025/06/16 v2.17y AMS math features
\@mathmargin=\skip132

For additional information on amsmath, use the `?' option.
(C:\Users\hp\AppData\Local\Programs\MiKTeX\tex/latex/amsmath\amstext.sty
Package: amstext 2024/11/17 v2.01 AMS text

(C:\Users\hp\AppData\Local\Programs\MiKTeX\tex/latex/amsmath\amsgen.sty
File: amsgen.sty 1999/11/30 v2.0 generic functions
\@emptytoks=\toks43
\ex@=\dimen294
))
(C:\Users\hp\AppData\Local\Programs\MiKTeX\tex/latex/amsmath\amsbsy.sty
Package: amsbsy 1999/11/29 v1.2d Bold Symbols
\pmbraise@=\dimen295
)
(C:\Users\hp\AppData\Local\Programs\MiKTeX\tex/latex/amsmath\amsopn.sty
Package: amsopn 2022/04/08 v2.04 operator names
)
\inf@bad=\count470
LaTeX Info: Redefining \frac on input line 233.
\uproot@=\count471
\leftroot@=\count472
LaTeX Info: Redefining \overline on input line 398.
LaTeX Info: Redefining \colon on input line 409.
\classnum@=\count473
\DOTSCASE@=\count474
LaTeX Info: Redefining \ldots on input line 495.
LaTeX Info: Redefining \dots on input line 498.
LaTeX Info: Redefining \cdots on input line 619.
\Mathstrutbox@=\box75
\strutbox@=\box76
LaTeX Info: Redefining \big on input line 721.
LaTeX Info: Redefining \Big on input line 722.
LaTeX Info: Redefining \bigg on input line 723.
LaTeX Info: Redefining \Bigg on input line 724.
\big@size=\dimen296
LaTeX Font Info:    Redeclaring font encoding OML on input line 742.
LaTeX Font Info:    Redeclaring font encoding OMS on input line 743.
\macc@depth=\count475
LaTeX Info: Redefining \bmod on input line 904.
LaTeX Info: Redefining \pmod on input line 909.
LaTeX Info: Redefining \smash on input line 939.
LaTeX Info: Redefining \relbar on input line 969.
LaTeX Info: Redefining \Relbar on input line 970.
\c@MaxMatrixCols=\count476
\dotsspace@=\muskip22
\c@parentequation=\count477
\dspbrk@lvl=\count478
\tag@help=\toks44
\row@=\count479
\column@=\count480
\maxfields@=\count481
\andhelp@=\toks45
\eqnshift@=\dimen297
\alignsep@=\dimen298
\tagshift@=\dimen299
\tagwidth@=\dimen300
\totwidth@=\dimen301
\lineht@=\dimen302
\@envbody=\toks46
\multlinegap=\skip133
\multlinetaggap=\skip134
\mathdisplay@stack=\toks47
LaTeX Info: Redefining \[ on input line 2949.
LaTeX Info: Redefining \] on input line 2950.
)
(C:\Users\hp\AppData\Local\Programs\MiKTeX\tex/latex/amsfonts\amsfonts.sty
Package: amsfonts 2013/01/14 v3.01 Basic AMSFonts support
\symAMSa=\mathgroup6
\symAMSb=\mathgroup7
LaTeX Font Info:    Overwriting math alphabet `\mathfrak' in version `bold'
(Font)                  U/euf/m/n --> U/euf/b/n on input line 106.
)
(C:\Users\hp\AppData\Local\Programs\MiKTeX\tex/latex/amsfonts\amssymb.sty
Package: amssymb 2013/01/14 v3.01 AMS font symbols
)
(C:\Users\hp\AppData\Local\Programs\MiKTeX\tex/latex/amscls\amsthm.sty
Package: amsthm 2020/05/29 v2.20.6
\thm@style=\toks48
\thm@bodyfont=\toks49
\thm@headfont=\toks50
\thm@notefont=\toks51
\thm@headpunct=\toks52
\thm@preskip=\skip135
\thm@postskip=\skip136
\thm@headsep=\skip137
\dth@everypar=\toks53
)
\c@notation=\count482
\c@dummy=\count483
\c@problem=\count484
\c@exerciseT=\count485
\c@exampleT=\count486
\c@vocabulary=\count487
\c@definitionT=\count488

(C:\Users\hp\AppData\Local\Programs\MiKTeX\tex/latex/mdframed\mdframed.sty
Package: mdframed 2013/07/01 1.9b: mdframed

(C:\Users\hp\AppData\Local\Programs\MiKTeX\tex/latex/zref\zref-abspage.sty
Package: zref-abspage 2025-06-08 v2.36 Module abspage for zref (HO)

(C:\Users\hp\AppData\Local\Programs\MiKTeX\tex/latex/zref\zref-base.sty
Package: zref-base 2025-06-08 v2.36 Module base for zref (HO)

(C:\Users\hp\AppData\Local\Programs\MiKTeX\tex/generic/etexcmds\etexcmds.sty
Package: etexcmds 2019/12/15 v1.7 Avoid name clashes with e-TeX commands (HO)
)
(C:\Users\hp\AppData\Local\Programs\MiKTeX\tex/latex/auxhook\auxhook.sty
Package: auxhook 2019-12-17 v1.6 Hooks for auxiliary files (HO)
)
Package zref Info: New property list: main on input line 767.
Package zref Info: New property: default on input line 768.
Package zref Info: New property: page on input line 769.
)
\c@abspage=\count489
Package zref Info: New property: abspage on input line 67.
)
(C:\Users\hp\AppData\Local\Programs\MiKTeX\tex/latex/needspace\needspace.sty
Package: needspace 2025/03/13 v1.3e reserve vertical space
)
\mdf@templength=\skip138
\c@mdf@globalstyle@cnt=\count490
\mdf@skipabove@length=\skip139
\mdf@skipbelow@length=\skip140
\mdf@leftmargin@length=\skip141
\mdf@rightmargin@length=\skip142
\mdf@innerleftmargin@length=\skip143
\mdf@innerrightmargin@length=\skip144
\mdf@innertopmargin@length=\skip145
\mdf@innerbottommargin@length=\skip146
\mdf@splittopskip@length=\skip147
\mdf@splitbottomskip@length=\skip148
\mdf@outermargin@length=\skip149
\mdf@innermargin@length=\skip150
\mdf@linewidth@length=\skip151
\mdf@innerlinewidth@length=\skip152
\mdf@middlelinewidth@length=\skip153
\mdf@outerlinewidth@length=\skip154
\mdf@roundcorner@length=\skip155
\mdf@footenotedistance@length=\skip156
\mdf@userdefinedwidth@length=\skip157
\mdf@needspace@length=\skip158
\mdf@frametitleaboveskip@length=\skip159
\mdf@frametitlebelowskip@length=\skip160
\mdf@frametitlerulewidth@length=\skip161
\mdf@frametitleleftmargin@length=\skip162
\mdf@frametitlerightmargin@length=\skip163
\mdf@shadowsize@length=\skip164
\mdf@extratopheight@length=\skip165
\mdf@subtitleabovelinewidth@length=\skip166
\mdf@subtitlebelowlinewidth@length=\skip167
\mdf@subtitleaboveskip@length=\skip168
\mdf@subtitlebelowskip@length=\skip169
\mdf@subtitleinneraboveskip@length=\skip170
\mdf@subtitleinnerbelowskip@length=\skip171
\mdf@subsubtitleabovelinewidth@length=\skip172
\mdf@subsubtitlebelowlinewidth@length=\skip173
\mdf@subsubtitleaboveskip@length=\skip174
\mdf@subsubtitlebelowskip@length=\skip175
\mdf@subsubtitleinneraboveskip@length=\skip176
\mdf@subsubtitleinnerbelowskip@length=\skip177

(C:\Users\hp\AppData\Local\Programs\MiKTeX\tex/latex/mdframed\md-frame-0.mdf
File: md-frame-0.mdf 2013/07/01\ 1.9b: md-frame-0
)
\mdf@frametitlebox=\box77
\mdf@footnotebox=\box78
\mdf@splitbox@one=\box79
\mdf@splitbox@two=\box80
\mdf@splitbox@save=\box81
\mdfsplitboxwidth=\skip178
\mdfsplitboxtotalwidth=\skip179
\mdfsplitboxheight=\skip180
\mdfsplitboxdepth=\skip181
\mdfsplitboxtotalheight=\skip182
\mdfframetitleboxwidth=\skip183
\mdfframetitleboxtotalwidth=\skip184
\mdfframetitleboxheight=\skip185
\mdfframetitleboxdepth=\skip186
\mdfframetitleboxtotalheight=\skip187
\mdffootnoteboxwidth=\skip188
\mdffootnoteboxtotalwidth=\skip189
\mdffootnoteboxheight=\skip190
\mdffootnoteboxdepth=\skip191
\mdffootnoteboxtotalheight=\skip192
\mdftotallinewidth=\skip193
\mdfboundingboxwidth=\skip194
\mdfboundingboxtotalwidth=\skip195
\mdfboundingboxheight=\skip196
\mdfboundingboxdepth=\skip197
\mdfboundingboxtotalheight=\skip198
\mdf@freevspace@length=\skip199
\mdf@horizontalwidthofbox@length=\skip256
\mdf@verticalmarginwhole@length=\skip257
\mdf@horizontalspaceofbox=\skip258
\mdfsubtitleheight=\skip259
\mdfsubsubtitleheight=\skip260
\c@mdfcountframes=\count491

****** mdframed patching \endmdf@trivlist

****** -- success******

\mdf@envdepth=\count492
\c@mdf@env@i=\count493
\c@mdf@env@ii=\count494
\c@mdf@zref@counter=\count495
Package zref Info: New property: mdf@pagevalue on input line 895.
)
(C:\Users\hp\AppData\Local\Programs\MiKTeX\tex/latex/tcolorbox\tcolorbox.sty
Package: tcolorbox 2025/09/09 version 6.8.0 text color boxes

(C:\Users\hp\AppData\Local\Programs\MiKTeX\tex/latex/tools\verbatim.sty
Package: verbatim 2024-01-22 v1.5x LaTeX2e package for verbatim enhancements
\every@verbatim=\toks54
\verbatim@line=\toks55
\verbatim@in@stream=\read5
)
(C:\Users\hp\AppData\Local\Programs\MiKTeX\tex/latex/environ\environ.sty
Package: environ 2014/05/04 v0.3 A new way to define environments

(C:\Users\hp\AppData\Local\Programs\MiKTeX\tex/latex/trimspaces\trimspaces.sty
Package: trimspaces 2009/09/17 v1.1 Trim spaces around a token list
))
\tcb@titlebox=\box82
\tcb@upperbox=\box83
\tcb@lowerbox=\box84
\tcb@phantombox=\box85
\c@tcbbreakpart=\count496
\c@tcblayer=\count497
\c@tcolorbox@number=\count498
\l__tcobox_tmpa_box=\box86
\l__tcobox_tmpa_dim=\dimen303
\tcb@temp=\box87
\tcb@temp=\box88
\tcb@temp=\box89
\tcb@temp=\box90
)
(C:\Users\hp\AppData\Local\Programs\MiKTeX\tex/latex/tcolorbox\tcbskins.code.te
x
Library (tcolorbox): 'tcbskins.code.tex' version '6.8.0'

(C:\Users\hp\AppData\Local\Programs\MiKTeX\tex/latex/tikzfill\tikzfill.image.st
y
Package: tikzfill.image 2023/08/08 v1.0.1 Image filling library for TikZ

(C:\Users\hp\AppData\Local\Programs\MiKTeX\tex/latex/tikzfill\tikzfill-common.s
ty
Package: tikzfill-common 2023/08/08 v1.0.1 Auxiliary code for tikzfill
)
(C:\Users\hp\AppData\Local\Programs\MiKTeX\tex/latex/tikzfill\tikzlibraryfill.i
mage.code.tex
File: tikzlibraryfill.image.code.tex 2023/08/08 v1.0.1 Image filling library
\l__tikzfill_img_box=\box91
))
(C:\Users\hp\AppData\Local\Programs\MiKTeX\tex/latex/tcolorbox\tcbskinsjigsaw.c
ode.tex
Library (tcolorbox): 'tcbskinsjigsaw.code.tex' version '6.8.0'
))
(C:\Users\hp\AppData\Local\Programs\MiKTeX\tex/latex/tcolorbox\tcbbreakable.cod
e.tex
Library (tcolorbox): 'tcbbreakable.code.tex' version '6.8.0'
(C:\Users\hp\AppData\Local\Programs\MiKTeX\tex/latex/pdfcol\pdfcol.sty
Package: pdfcol 2022-09-21 v1.7 Handle new color stacks for pdfTeX (HO)
)
Package pdfcol Info: New color stack `tcb@breakable' = 1 on input line 23.
\tcb@testbox=\box92
\tcb@totalupperbox=\box93
\tcb@totallowerbox=\box94
)
\esp=\skip261
\ecart=\skip262

(C:\Users\hp\AppData\Local\Programs\MiKTeX\tex/latex/titlesec\titlesec.sty
Package: titlesec 2025/01/04 v2.17 Sectioning titles
\ttl@box=\box95
\beforetitleunit=\skip263
\aftertitleunit=\skip264
\ttl@plus=\dimen304
\ttl@minus=\dimen305
\ttl@toksa=\toks56
\titlewidth=\dimen306
\titlewidthlast=\dimen307
\titlewidthfirst=\dimen308
)
Package hyperref Info: Option `colorlinks' set `false' on input line 597.
Package hyperref Info: Option `breaklinks' set `true' on input line 597.
Package hyperref Info: Option `bookmarksopen' set `false' on input line 597.

(C:\Users\hp\AppData\Local\Programs\MiKTeX\tex/latex/bookmark\bookmark.sty
Package: bookmark 2023-12-10 v1.31 PDF bookmarks (HO)

(C:\Users\hp\AppData\Local\Programs\MiKTeX\tex/latex/bookmark\bkm-pdftex.def
File: bkm-pdftex.def 2023-12-10 v1.31 bookmark driver for pdfTeX and luaTeX (HO
)
\BKM@id=\count499
)))

Package biblatex Warning: 'babel/polyglossia' detected but 'csquotes' missing.
(biblatex)                Loading 'csquotes' recommended.

\@quotelevel=\count500
\@quotereset=\count501
(main.aux (Chapters/00-Decharge.aux) (Chapters/00-Remerciements.aux)
(Chapters/sigles.aux) (Chapters/01-Introduction.aux)
(Chapters/02-Presentation_structure.aux) (Chapters/revue.aux)
(Chapters/cadre_et_methodologie.aux) (Chapters/Stat_desc.aux)
(Chapters/analyse_interpretation.aux))
\openout1 = `main.aux'.

LaTeX Font Info:    Checking defaults for OML/cmm/m/it on input line 51.
LaTeX Font Info:    ... okay on input line 51.
LaTeX Font Info:    Checking defaults for OMS/cmsy/m/n on input line 51.
LaTeX Font Info:    ... okay on input line 51.
LaTeX Font Info:    Checking defaults for OT1/cmr/m/n on input line 51.
LaTeX Font Info:    ... okay on input line 51.
LaTeX Font Info:    Checking defaults for T1/cmr/m/n on input line 51.
LaTeX Font Info:    ... okay on input line 51.
LaTeX Font Info:    Checking defaults for TS1/cmr/m/n on input line 51.
LaTeX Font Info:    ... okay on input line 51.
LaTeX Font Info:    Checking defaults for OMX/cmex/m/n on input line 51.
LaTeX Font Info:    ... okay on input line 51.
LaTeX Font Info:    Checking defaults for U/cmr/m/n on input line 51.
LaTeX Font Info:    ... okay on input line 51.
LaTeX Font Info:    Checking defaults for PD1/pdf/m/n on input line 51.
LaTeX Font Info:    ... okay on input line 51.
LaTeX Font Info:    Checking defaults for PU/pdf/m/n on input line 51.
LaTeX Font Info:    ... okay on input line 51.

*geometry* driver: auto-detecting
*geometry* detected driver: pdftex
*geometry* verbose mode - [ preamble ] result:
* driver: pdftex
* paper: a4paper
* layout: <same size as paper>
* layoutoffset:(h,v)=(0.0pt,0.0pt)
* modes: twoside 
* h-part:(L,W,R)=(85.35826pt, 426.79135pt, 85.35826pt)
* v-part:(T,H,B)=(85.35826pt, 674.33032pt, 85.35826pt)
* \paperwidth=597.50787pt
* \paperheight=845.04684pt
* \textwidth=426.79135pt
* \textheight=674.33032pt
* \oddsidemargin=13.08827pt
* \evensidemargin=13.08827pt
* \topmargin=-8.91173pt
* \headheight=14.5pt
* \headsep=10.0pt
* \topskip=12.0pt
* \footskip=30.0pt
* \marginparwidth=98.0pt
* \marginparsep=7.0pt
* \columnsep=10.0pt
* \skip\footins=10.8pt plus 4.0pt minus 2.0pt
* \hoffset=0.0pt
* \voffset=0.0pt
* \mag=1000
* \@twocolumnfalse
* \@twosidetrue
* \@mparswitchtrue
* \@reversemarginfalse
* (1in=72.27pt=25.4mm, 1cm=28.453pt)

(C:\Users\hp\AppData\Local\Programs\MiKTeX\tex/context/base/mkii\supp-pdf.mkii
[Loading MPS to PDF converter (version 2006.09.02).]
\scratchcounter=\count502
\scratchdimen=\dimen309
\scratchbox=\box96
\nofMPsegments=\count503
\nofMParguments=\count504
\everyMPshowfont=\toks57
\MPscratchCnt=\count505
\MPscratchDim=\dimen310
\MPnumerator=\count506
\makeMPintoPDFobject=\count507
\everyMPtoPDFconversion=\toks58
)
(C:\Users\hp\AppData\Local\Programs\MiKTeX\tex/latex/epstopdf-pkg\epstopdf-base
.sty
Package: epstopdf-base 2020-01-24 v2.11 Base part for package epstopdf
Package epstopdf-base Info: Redefining graphics rule for `.eps' on input line 4
85.

(C:\Users\hp\AppData\Local\Programs\MiKTeX\tex/latex/00miktex\epstopdf-sys.cfg
File: epstopdf-sys.cfg 2021/03/18 v2.0 Configuration of epstopdf for MiKTeX
))
LaTeX Info: Redefining \microtypecontext on input line 51.
Package microtype Info: Applying patch `item' on input line 51.
Package microtype Info: Applying patch `toc' on input line 51.
Package microtype Info: Applying patch `eqnum' on input line 51.
Package microtype Info: Applying patch `footnote' on input line 51.
Package microtype Info: Applying patch `verbatim' on input line 51.
LaTeX Info: Redefining \microtypesetup on input line 51.
Package microtype Info: Generating PDF output.
Package microtype Info: Character protrusion enabled (level 2).
Package microtype Info: Using default protrusion set `alltext'.
Package microtype Info: Automatic font expansion enabled (level 2),
(microtype)             stretch: 20, shrink: 20, step: 1, non-selected.
Package microtype Info: Using default expansion set `alltext-nott'.
Package microtype Info: Patching command `\showhyphens'.
Package microtype Info: No adjustment of tracking.
Package microtype Info: No adjustment of interword spacing.
Package microtype Info: No adjustment of character kerning.
 (C:\Users\hp\AppData\Local\Programs\MiKTeX\tex/latex/microtype\mt-ptm.cfg
File: mt-ptm.cfg 2006/04/20 v1.7 microtype config. file: Times (RS)
)
Package biblatex Info: Trying to load language 'english'...
Package biblatex Info: ... file 'english.lbx' found.

(C:\Users\hp\AppData\Local\Programs\MiKTeX\tex/latex/biblatex/lbx\english.lbx
File: english.lbx 2025/07/10 v3.21 biblatex localization (PK/MW)
)
Package biblatex Info: Input encoding 'utf8' detected.
Package biblatex Info: Automatic encoding selection.
(biblatex)             Assuming data encoding 'utf8'.
\openout4 = `main.bcf'.

Package biblatex Info: Trying to load bibliographic data...
Package biblatex Info: ... file 'main.bbl' found.

(main.bbl)
Package biblatex Info: Reference section=0 on input line 51.
Package biblatex Info: Reference segment=0 on input line 51.
Package hyperref Info: Link coloring OFF on input line 51.
\openout2 = `Chapters/00-Decharge.aux'.

 (Chapters/00-Decharge.tex
LaTeX Font Info:    Trying to load font information for T1+pag on input line 1.


(C:\Users\hp\AppData\Local\Programs\MiKTeX\tex/latex/psnfss\t1pag.fd
File: t1pag.fd 2001/06/04 font definitions for T1/pag.
)
Package microtype Info: Loading generic protrusion settings for font family
(microtype)             `pag' (encoding: T1).
(microtype)             For optimal results, create family-specific settings.
(microtype)             See the microtype manual for details.
LaTeX Font Info:    Font shape `T1/pag/b/n' in size <20.74> not available
(Font)              Font shape `T1/pag/db/n' tried instead on input line 1.
)

[1



{C:/Users/hp/AppData/Local/MiKTeX/fonts/map/pdftex/pdftex.map}{C:/Users/hp/AppD
ata/Local/Programs/MiKTeX/fonts/enc/dvips/base/8r.enc}]
\openout2 = `Chapters/00-Remerciements.aux'.


(Chapters/00-Remerciements.tex

[2




]

[3]

[4

])

[5]

[6



] (main.toc
LaTeX Font Info:    Font shape `T1/pag/b/n' in size <14.4> not available
(Font)              Font shape `T1/pag/db/n' tried instead on input line 1.
LaTeX Font Info:    Font shape `T1/pag/b/n' in size <12> not available
(Font)              Font shape `T1/pag/db/n' tried instead on input line 1.
LaTeX Font Info:    Font shape `T1/pag/b/n' in size <17.28> not available
(Font)              Font shape `T1/pag/db/n' tried instead on input line 9.
)
\tf@toc=\write5
\openout5 = `main.toc'.



[7]

[8

] (main.lof
LaTeX Font Info:    Trying to load font information for OT1+ztmcm on input line
 34.

(C:\Users\hp\AppData\Local\Programs\MiKTeX\tex/latex/psnfss\ot1ztmcm.fd
File: ot1ztmcm.fd 2000/01/03 Fontinst v1.801 font definitions for OT1/ztmcm.
)
Package microtype Info: Loading generic protrusion settings for font family
(microtype)             `ztmcm' (encoding: OT1).
(microtype)             For optimal results, create family-specific settings.
(microtype)             See the microtype manual for details.
LaTeX Font Info:    Trying to load font information for OML+ztmcm on input line
 34.

(C:\Users\hp\AppData\Local\Programs\MiKTeX\tex/latex/psnfss\omlztmcm.fd
File: omlztmcm.fd 2000/01/03 Fontinst v1.801 font definitions for OML/ztmcm.
)
LaTeX Font Info:    Trying to load font information for OMS+ztmcm on input line
 34.

(C:\Users\hp\AppData\Local\Programs\MiKTeX\tex/latex/psnfss\omsztmcm.fd
File: omsztmcm.fd 2000/01/03 Fontinst v1.801 font definitions for OMS/ztmcm.
)
LaTeX Font Info:    Trying to load font information for OMX+ztmcm on input line
 34.

(C:\Users\hp\AppData\Local\Programs\MiKTeX\tex/latex/psnfss\omxztmcm.fd
File: omxztmcm.fd 2000/01/03 Fontinst v1.801 font definitions for OMX/ztmcm.
)
LaTeX Font Info:    Trying to load font information for OT1+ptm on input line 3
4.

(C:\Users\hp\AppData\Local\Programs\MiKTeX\tex/latex/psnfss\ot1ptm.fd
File: ot1ptm.fd 2001/06/04 font definitions for OT1/ptm.
)
LaTeX Font Info:    Font shape `OT1/ptm/bx/n' in size <12> not available
(Font)              Font shape `OT1/ptm/b/n' tried instead on input line 34.
LaTeX Font Info:    Font shape `OT1/ptm/bx/n' in size <9> not available
(Font)              Font shape `OT1/ptm/b/n' tried instead on input line 34.
LaTeX Font Info:    Font shape `OT1/ptm/bx/n' in size <7> not available
(Font)              Font shape `OT1/ptm/b/n' tried instead on input line 34.

(C:\Users\hp\AppData\Local\Programs\MiKTeX\tex/latex/microtype\mt-msa.cfg
File: mt-msa.cfg 2006/02/04 v1.1 microtype config. file: AMS symbols (a) (RS)
)
(C:\Users\hp\AppData\Local\Programs\MiKTeX\tex/latex/microtype\mt-msb.cfg
File: mt-msb.cfg 2005/06/01 v1.0 microtype config. file: AMS symbols (b) (RS)
)

[9])
\tf@lof=\write6
\openout6 = `main.lof'.



[10] (main.lot)
\tf@lot=\write7
\openout7 = `main.lot'.



[11

]

[12

]
\openout2 = `Chapters/sigles.aux'.

 (Chapters/sigles.tex
Overfull \hbox (27.2871pt too wide) in alignment at lines 59--59
[][] 
 []



[13


]

[14

]

[15]

[16

])

[17]
! Too many }'s.
l.103 \include{Chapters/sigles.tex}}
                                    
You've closed more groups than you opened.
Such booboos are generally harmless, so keep going.

\openout2 = `Chapters/01-Introduction.aux'.

(Chapters/01-Introduction.tex

[18




]
Underfull \vbox (badness 1383) has occurred while \output is active []



[19])

[20]
\openout2 = `Chapters/02-Presentation_structure.aux'.

 (Chapters/02-Presentation_structure.tex
Chapter 1.
Package mdframed Info: mdframed works in twoside mode on input line 3.
Package mdframed Info: mdframed detected package amsthm 
 changed the theorem header of amsthm
(mdframed)              on input line 3.
LaTeX Font Info:    Trying to load font information for TS1+ptm on input line 9
.
(C:\Users\hp\AppData\Local\Programs\MiKTeX\tex/latex/psnfss\ts1ptm.fd
File: ts1ptm.fd 2001/06/04 font definitions for TS1/ptm.
)
Underfull \hbox (badness 10000) in paragraph at lines 9--10

 []

Package mdframed Info: mdframed works in twoside mode on input line 13.
Package mdframed Info: mdframed detected package amsthm 
 changed the theorem header of amsthm
(mdframed)              on input line 13.

Overfull \hbox (8.1487pt too wide) in paragraph at lines 24--25
[]\T1/ptm/m/n/12 (-20) centraliser et dif-fuser les syn-thèses des don-nées sta
tis-tiques pro-duites par l'ensemble
 []



[21




]
Underfull \hbox (badness 10000) in paragraph at lines 42--46

 []

Package mdframed Info: mdframed works in twoside mode on input line 47.
Package mdframed Info: mdframed detected package amsthm 
 changed the theorem header of amsthm
(mdframed)              on input line 47.



Package fancyhdr Warning: \headheight is too small (14.5pt): 
(fancyhdr)                Make it at least 14.73pt, for example:
(fancyhdr)                \setlength{\headheight}{14.73pt}.
(fancyhdr)                You might also make \topmargin smaller:
(fancyhdr)                \addtolength{\topmargin}{-0.23pt}.

[22]
Package mdframed Info: mdframed works in twoside mode on input line 90.
Package mdframed Info: mdframed detected package amsthm 
 changed the theorem header of amsthm
(mdframed)              on input line 90.
Package mdframed Info: mdframed works in twoside mode on input line 105.
Package mdframed Info: mdframed detected package amsthm 
 changed the theorem header of amsthm
(mdframed)              on input line 105.
Package mdframed Info: mdframed works in twoside mode on input line 124.
Package mdframed Info: mdframed detected package amsthm 
 changed the theorem header of amsthm
(mdframed)              on input line 124.


[23])


Package fancyhdr Warning: \headheight is too small (14.5pt): 
(fancyhdr)                Make it at least 14.73pt, for example:
(fancyhdr)                \setlength{\headheight}{14.73pt}.
(fancyhdr)                You might also make \topmargin smaller:
(fancyhdr)                \addtolength{\topmargin}{-0.23pt}.

[24]
\openout2 = `Chapters/revue.aux'.

 (Chapters/revue.tex
Chapter 2.
Package mdframed Info: mdframed works in twoside mode on input line 3.
Package mdframed Info: mdframed detected package amsthm 
 changed the theorem header of amsthm
(mdframed)              on input line 3.

LaTeX Warning: Citation 'un2000' on page 25 undefined on input line 11.


LaTeX Warning: Citation 'who2015' on page 25 undefined on input line 11.


LaTeX Warning: Citation 'fao2015' on page 25 undefined on input line 13.


LaTeX Warning: Citation 'bm2015' on page 25 undefined on input line 13.


LaTeX Warning: Citation 'lo2015' on page 25 undefined on input line 13.


LaTeX Warning: Citation 'ipar2015' on page 25 undefined on input line 15.


LaTeX Warning: Citation 'eca2015' on page 25 undefined on input line 15.



[25




]

LaTeX Warning: Citation 'ANSD_EDSC_2023' on page 26 undefined on input line 24.



LaTeX Warning: Citation 'ANSD_EDSC_2023' on page 26 undefined on input line 24.



LaTeX Warning: Citation 'SDR2025' on page 26 undefined on input line 26.


LaTeX Warning: Citation 'ANSD_EDSC_2023' on page 26 undefined on input line 26.



LaTeX Warning: Citation 'ANSD_ENRVFFS_2023' on page 26 undefined on input line 
28.


LaTeX Warning: Citation 'SDR2025' on page 26 undefined on input line 28.


LaTeX Warning: Citation 'BanqueMondiale2022' on page 26 undefined on input line
 30.


LaTeX Warning: Citation 'ANSD_EHCVM_2018_2019' on page 26 undefined on input li
ne 30.


LaTeX Warning: Citation 'BM_KNOMAD_2022' on page 26 undefined on input line 30.



LaTeX Warning: Citation 'SDR2025' on page 26 undefined on input line 32.


LaTeX Warning: Citation 'SDR2025' on page 26 undefined on input line 32.


LaTeX Warning: Citation 'Transparency2024' on page 26 undefined on input line 3
4.


Overfull \hbox (14.06715pt too wide) in paragraph at lines 34--35
\T1/ptm/m/n/12 (-20) pour la lutte con-tre la cor-rup-tion (in-dice de per-cep-
tion à 43/100 en 2024) ([]). 
 []


LaTeX Warning: Citation 'SDR2025' on page 26 undefined on input line 36.



[26]
Package mdframed Info: mdframed works in twoside mode on input line 57.
Package mdframed Info: mdframed detected package amsthm 
 changed the theorem header of amsthm
(mdframed)              on input line 57.


[27]
LaTeX Font Info:    Font shape `T1/pag/b/n' in size <10.95> not available
(Font)              Font shape `T1/pag/db/n' tried instead on input line 104.
Package mdframed Info: mdframed works in twoside mode on input line 106.
Package mdframed Info: mdframed detected package amsthm 
 changed the theorem header of amsthm
(mdframed)              on input line 106.
Package mdframed Info: Box was splittet wrong
 starting loop to iterate the splitting point
(mdframed)              on input line 111.


[28]
Package mdframed Info: mdframed works in twoside mode on input line 115.
Package mdframed Info: mdframed detected package amsthm 
 changed the theorem header of amsthm
(mdframed)              on input line 115.
Package mdframed Info: mdframed works in twoside mode on input line 124.
Package mdframed Info: mdframed detected package amsthm 
 changed the theorem header of amsthm
(mdframed)              on input line 124.
)

[29]
\openout2 = `Chapters/cadre_et_methodologie.aux'.

 (Chapters/cadre_et_methodologie.tex

[30




]
Chapter 3.
<Pictures/ODD/ODD01.jpg, id=354, 3011.25pt x 3011.25pt>
File: Pictures/ODD/ODD01.jpg Graphic file (type jpg)
<use Pictures/ODD/ODD01.jpg>
Package pdftex.def Info: Pictures/ODD/ODD01.jpg  used on input line 21.
(pdftex.def)             Requested size: 51.2145pt x 51.18597pt.
<Pictures/ODD/ODD02.jpg, id=355, 3011.25pt x 3011.25pt>
File: Pictures/ODD/ODD02.jpg Graphic file (type jpg)
<use Pictures/ODD/ODD02.jpg>
Package pdftex.def Info: Pictures/ODD/ODD02.jpg  used on input line 26.
(pdftex.def)             Requested size: 51.2145pt x 51.18597pt.

Underfull \hbox (badness 1184) in paragraph at lines 28--28
[]\T1/ptm/b/n/12 (+20) ODD 2 : Faim ``zéro'' \T1/ptm/m/n/12 (+20) --
 []


Underfull \hbox (badness 3229) in paragraph at lines 28--28
\T1/ptm/m/n/12 (+20) la nu-tri-tion et pro-mou-voir
 []

<Pictures/ODD/ODD03.jpg, id=356, 3011.25pt x 3011.25pt>
File: Pictures/ODD/ODD03.jpg Graphic file (type jpg)
<use Pictures/ODD/ODD03.jpg>
Package pdftex.def Info: Pictures/ODD/ODD03.jpg  used on input line 36.
(pdftex.def)             Requested size: 51.2145pt x 51.18597pt.
<Pictures/ODD/ODD04.jpg, id=357, 3011.25pt x 3011.25pt>
File: Pictures/ODD/ODD04.jpg Graphic file (type jpg)
<use Pictures/ODD/ODD04.jpg>
Package pdftex.def Info: Pictures/ODD/ODD04.jpg  used on input line 41.
(pdftex.def)             Requested size: 51.2145pt x 51.18597pt.

Underfull \hbox (badness 2790) in paragraph at lines 43--43
[]\T1/ptm/b/n/12 (+20) ODD 4 : Éd-u-ca-tion de
 []


Underfull \hbox (badness 4242) in paragraph at lines 43--43
\T1/ptm/m/n/12 (+20) in-clu-sive et de qual-ité et
 []


Underfull \hbox (badness 1281) in paragraph at lines 43--43
\T1/ptm/m/n/12 (+20) pro-mou-voir des pos-si-bil-ités
 []


Underfull \vbox (badness 10000) has occurred while \output is active []



[31 <./Pictures/ODD/ODD01.jpg> <./Pictures/ODD/ODD02.jpg>]
<Pictures/ODD/ODD05.jpg, id=366, 3011.25pt x 3011.25pt>
File: Pictures/ODD/ODD05.jpg Graphic file (type jpg)
<use Pictures/ODD/ODD05.jpg>
Package pdftex.def Info: Pictures/ODD/ODD05.jpg  used on input line 51.
(pdftex.def)             Requested size: 51.2145pt x 51.18597pt.
<Pictures/ODD/ODD06.jpg, id=367, 3011.25pt x 3011.25pt>
File: Pictures/ODD/ODD06.jpg Graphic file (type jpg)
<use Pictures/ODD/ODD06.jpg>
Package pdftex.def Info: Pictures/ODD/ODD06.jpg  used on input line 56.
(pdftex.def)             Requested size: 51.2145pt x 51.18597pt.

Underfull \hbox (badness 1107) in paragraph at lines 58--58
[]\T1/ptm/b/n/12 (+20) ODD 6 : Eau pro-pre et
 []


Underfull \hbox (badness 5696) in paragraph at lines 58--58
\T1/ptm/b/n/12 (+20) as-sainisse-ment \T1/ptm/m/n/12 (+20) -- Garan-tir
 []

<Pictures/ODD/ODD07.jpg, id=368, 3011.25pt x 3011.25pt>
File: Pictures/ODD/ODD07.jpg Graphic file (type jpg)
<use Pictures/ODD/ODD07.jpg>
Package pdftex.def Info: Pictures/ODD/ODD07.jpg  used on input line 66.
(pdftex.def)             Requested size: 51.2145pt x 51.18597pt.

Underfull \hbox (badness 1454) in paragraph at lines 68--68
\T1/ptm/b/n/12 (+20) et d'un coût abor-d-able \T1/ptm/m/n/12 (+20) --
 []

<Pictures/ODD/ODD08.jpg, id=369, 3011.25pt x 3011.25pt>
File: Pictures/ODD/ODD08.jpg Graphic file (type jpg)
<use Pictures/ODD/ODD08.jpg>
Package pdftex.def Info: Pictures/ODD/ODD08.jpg  used on input line 71.
(pdftex.def)             Requested size: 51.2145pt x 51.18597pt.

Underfull \hbox (badness 1424) in paragraph at lines 73--73
[]\T1/ptm/b/n/12 (+20) ODD 8 : Tra-vail dé-cent
 []


Underfull \hbox (badness 2478) in paragraph at lines 73--73
\T1/ptm/m/n/12 (+20) Pro-mou-voir une crois-sance
 []

<Pictures/ODD/ODD09.jpg, id=370, 3011.25pt x 3011.25pt>
File: Pictures/ODD/ODD09.jpg Graphic file (type jpg)
<use Pictures/ODD/ODD09.jpg>
Package pdftex.def Info: Pictures/ODD/ODD09.jpg  used on input line 81.
(pdftex.def)             Requested size: 51.2145pt x 51.18597pt.

Underfull \hbox (badness 2426) in paragraph at lines 83--83
\T1/ptm/m/n/12 (+20) tion durable et en-cour-ager
 []

<Pictures/ODD/ODD10.jpg, id=371, 3011.25pt x 3011.25pt>
File: Pictures/ODD/ODD10.jpg Graphic file (type jpg)
<use Pictures/ODD/ODD10.jpg>
Package pdftex.def Info: Pictures/ODD/ODD10.jpg  used on input line 86.
(pdftex.def)             Requested size: 51.2145pt x 51.18597pt.
<Pictures/ODD/ODD11.jpg, id=372, 3011.25pt x 3011.25pt>
File: Pictures/ODD/ODD11.jpg Graphic file (type jpg)
<use Pictures/ODD/ODD11.jpg>
Package pdftex.def Info: Pictures/ODD/ODD11.jpg  used on input line 96.
(pdftex.def)             Requested size: 51.2145pt x 51.18597pt.
<Pictures/ODD/ODD12.jpg, id=373, 3011.25pt x 3011.25pt>
File: Pictures/ODD/ODD12.jpg Graphic file (type jpg)
<use Pictures/ODD/ODD12.jpg>
Package pdftex.def Info: Pictures/ODD/ODD12.jpg  used on input line 101.
(pdftex.def)             Requested size: 51.2145pt x 51.18597pt.

Underfull \vbox (badness 10000) has occurred while \output is active []




Package fancyhdr Warning: \headheight is too small (14.5pt): 
(fancyhdr)                Make it at least 14.73pt, for example:
(fancyhdr)                \setlength{\headheight}{14.73pt}.
(fancyhdr)                You might also make \topmargin smaller:
(fancyhdr)                \addtolength{\topmargin}{-0.23pt}.

[32 <./Pictures/ODD/ODD03.jpg> <./Pictures/ODD/ODD04.jpg> <./Pictures/ODD/ODD05
.jpg> <./Pictures/ODD/ODD06.jpg> <./Pictures/ODD/ODD07.jpg> <./Pictures/ODD/ODD
08.jpg> <./Pictures/ODD/ODD09.jpg> <./Pictures/ODD/ODD10.jpg>]
<Pictures/ODD/ODD13.jpg, id=378, 3011.25pt x 3011.25pt>
File: Pictures/ODD/ODD13.jpg Graphic file (type jpg)
<use Pictures/ODD/ODD13.jpg>
Package pdftex.def Info: Pictures/ODD/ODD13.jpg  used on input line 111.
(pdftex.def)             Requested size: 51.2145pt x 51.18597pt.

Underfull \hbox (badness 7613) in paragraph at lines 113--113
[]\T1/ptm/b/n/12 (+20) ODD 13 : Lutte con-
 []

<Pictures/ODD/ODD14.jpg, id=379, 3011.25pt x 3011.25pt>
File: Pictures/ODD/ODD14.jpg Graphic file (type jpg)
<use Pictures/ODD/ODD14.jpg>
Package pdftex.def Info: Pictures/ODD/ODD14.jpg  used on input line 116.
(pdftex.def)             Requested size: 51.2145pt x 51.18597pt.

Underfull \hbox (badness 2334) in paragraph at lines 118--118
\T1/ptm/m/n/12 (+20) les mers et les ressources
 []

<Pictures/ODD/ODD15.jpg, id=380, 3011.25pt x 3011.25pt>
File: Pictures/ODD/ODD15.jpg Graphic file (type jpg)
<use Pictures/ODD/ODD15.jpg>
Package pdftex.def Info: Pictures/ODD/ODD15.jpg  used on input line 126.
(pdftex.def)             Requested size: 51.2145pt x 51.18597pt.

Underfull \hbox (badness 2103) in paragraph at lines 128--128
[]\T1/ptm/b/n/12 (+20) ODD 15 : Vie ter-restre
 []


Underfull \hbox (badness 1052) in paragraph at lines 128--128
\T1/ptm/m/n/12 (+20) -- Préserver et restau-rer les
 []

<Pictures/ODD/ODD16.jpg, id=381, 3011.25pt x 3011.25pt>
File: Pictures/ODD/ODD16.jpg Graphic file (type jpg)
<use Pictures/ODD/ODD16.jpg>
Package pdftex.def Info: Pictures/ODD/ODD16.jpg  used on input line 131.
(pdftex.def)             Requested size: 51.2145pt x 51.18597pt.
<Pictures/ODD/ODD17.jpg, id=382, 3011.25pt x 3011.25pt>
File: Pictures/ODD/ODD17.jpg Graphic file (type jpg)
<use Pictures/ODD/ODD17.jpg>
Package pdftex.def Info: Pictures/ODD/ODD17.jpg  used on input line 141.
(pdftex.def)             Requested size: 51.2145pt x 51.18597pt.
Package mdframed Info: mdframed works in twoside mode on input line 172.
Package mdframed Info: mdframed detected package amsthm 
 changed the theorem header of amsthm
(mdframed)              on input line 172.


[33 <./Pictures/ODD/ODD11.jpg> <./Pictures/ODD/ODD12.jpg> <./Pictures/ODD/ODD13
.jpg> <./Pictures/ODD/ODD14.jpg> <./Pictures/ODD/ODD15.jpg> <./Pictures/ODD/ODD
16.jpg> <./Pictures/ODD/ODD17.jpg>]
Package mdframed Info: mdframed works in twoside mode on input line 215.
Package mdframed Info: mdframed detected package amsthm 
 changed the theorem header of amsthm
(mdframed)              on input line 215.
Package mdframed Info: mdframed works in twoside mode on input line 231.
Package mdframed Info: mdframed detected package amsthm 
 changed the theorem header of amsthm
(mdframed)              on input line 231.



Package fancyhdr Warning: \headheight is too small (14.5pt): 
(fancyhdr)                Make it at least 14.73pt, for example:
(fancyhdr)                \setlength{\headheight}{14.73pt}.
(fancyhdr)                You might also make \topmargin smaller:
(fancyhdr)                \addtolength{\topmargin}{-0.23pt}.

[34]
Package mdframed Info: Not enough space on this page on input line 248.
)

[35]
\openout2 = `Chapters/Stat_desc.aux'.

 (Chapters/Stat_desc.tex

[36




]
Chapter 4.
Package mdframed Info: mdframed works in twoside mode on input line 33.
Package mdframed Info: mdframed detected package amsthm 
 changed the theorem header of amsthm
(mdframed)              on input line 33.
File: Pictures/ODD/ODD01.jpg Graphic file (type jpg)
<use Pictures/ODD/ODD01.jpg>
Package pdftex.def Info: Pictures/ODD/ODD01.jpg  used on input line 36.
(pdftex.def)             Requested size: 61.91617pt x 61.89183pt.
Package mdframed Info: mdframed works in twoside mode on input line 45.
Package mdframed Info: mdframed detected package amsthm 
 changed the theorem header of amsthm
(mdframed)              on input line 45.


[37]
<Pictures/graphs/ODD1_scores.png, id=416, 1004.553pt x 715.473pt>
File: Pictures/graphs/ODD1_scores.png Graphic file (type png)
<use Pictures/graphs/ODD1_scores.png>
Package pdftex.def Info: Pictures/graphs/ODD1_scores.png  used on input line 89
.
(pdftex.def)             Requested size: 405.45047pt x 288.77151pt.

Underfull \hbox (badness 10000) in alignment at lines 122--122
[][][][][] 
 []




Package fancyhdr Warning: \headheight is too small (14.5pt): 
(fancyhdr)                Make it at least 14.73pt, for example:
(fancyhdr)                \setlength{\headheight}{14.73pt}.
(fancyhdr)                You might also make \topmargin smaller:
(fancyhdr)                \addtolength{\topmargin}{-0.23pt}.

[38 <./Pictures/graphs/ODD1_scores.png>]

[39]
Package mdframed Info: mdframed works in twoside mode on input line 200.
Package mdframed Info: mdframed detected package amsthm 
 changed the theorem header of amsthm
(mdframed)              on input line 200.
File: Pictures/ODD/ODD02.jpg Graphic file (type jpg)
<use Pictures/ODD/ODD02.jpg>
Package pdftex.def Info: Pictures/ODD/ODD02.jpg  used on input line 203.
(pdftex.def)             Requested size: 61.91617pt x 61.89183pt.
Package mdframed Info: Not enough space on this page on input line 211.
<Pictures/graphs/graph_sous_alimentation.png, id=427, 526.96875pt x 325.215pt>
File: Pictures/graphs/graph_sous_alimentation.png Graphic file (type png)
<use Pictures/graphs/graph_sous_alimentation.png>
Package pdftex.def Info: Pictures/graphs/graph_sous_alimentation.png  used on i
nput line 224.
(pdftex.def)             Requested size: 384.1096pt x 237.06256pt.



Package fancyhdr Warning: \headheight is too small (14.5pt): 
(fancyhdr)                Make it at least 14.73pt, for example:
(fancyhdr)                \setlength{\headheight}{14.73pt}.
(fancyhdr)                You might also make \topmargin smaller:
(fancyhdr)                \addtolength{\topmargin}{-0.23pt}.

[40 <./Pictures/graphs/graph_sous_alimentation.png>]
<Pictures/graphs/graph_malnutrition.png, id=433, 526.96875pt x 325.215pt>
File: Pictures/graphs/graph_malnutrition.png Graphic file (type png)
<use Pictures/graphs/graph_malnutrition.png>
Package pdftex.def Info: Pictures/graphs/graph_malnutrition.png  used on input 
line 244.
(pdftex.def)             Requested size: 384.1096pt x 237.06256pt.
<Pictures/graphs/ODD2_scores.png, id=434, 1002.8667pt x 715.473pt>
File: Pictures/graphs/ODD2_scores.png Graphic file (type png)
<use Pictures/graphs/ODD2_scores.png>
Package pdftex.def Info: Pictures/graphs/ODD2_scores.png  used on input line 25
3.
(pdftex.def)             Requested size: 405.45047pt x 289.26279pt.

Underfull \vbox (badness 10000) has occurred while \output is active []



[41 <./Pictures/graphs/graph_malnutrition.png>]
Overfull \hbox (71.49345pt too wide) in alignment at lines 280--280
[][][][][] 
 []




Package fancyhdr Warning: \headheight is too small (14.5pt): 
(fancyhdr)                Make it at least 14.73pt, for example:
(fancyhdr)                \setlength{\headheight}{14.73pt}.
(fancyhdr)                You might also make \topmargin smaller:
(fancyhdr)                \addtolength{\topmargin}{-0.23pt}.

[42 <./Pictures/graphs/ODD2_scores.png>]
Package mdframed Info: mdframed works in twoside mode on input line 293.
Package mdframed Info: mdframed detected package amsthm 
 changed the theorem header of amsthm
(mdframed)              on input line 293.
File: Pictures/ODD/ODD03.jpg Graphic file (type jpg)
<use Pictures/ODD/ODD03.jpg>
Package pdftex.def Info: Pictures/ODD/ODD03.jpg  used on input line 296.
(pdftex.def)             Requested size: 61.91617pt x 61.89183pt.
Package mdframed Info: Not enough space on this page on input line 306.
<Pictures/graphs/matmort.png, id=445, 529.98pt x 326.93571pt>
File: Pictures/graphs/matmort.png Graphic file (type png)
<use Pictures/graphs/matmort.png>
Package pdftex.def Info: Pictures/graphs/matmort.png  used on input line 314.
(pdftex.def)             Requested size: 341.43437pt x 210.62497pt.
<Pictures/graphs/mortality.png, id=446, 529.98pt x 326.93571pt>
File: Pictures/graphs/mortality.png Graphic file (type png)
<use Pictures/graphs/mortality.png>
Package pdftex.def Info: Pictures/graphs/mortality.png  used on input line 329.

(pdftex.def)             Requested size: 341.43437pt x 210.62497pt.

Underfull \vbox (badness 2717) has occurred while \output is active []



[43 <./Pictures/graphs/matmort.png>]


Package fancyhdr Warning: \headheight is too small (14.5pt): 
(fancyhdr)                Make it at least 14.73pt, for example:
(fancyhdr)                \setlength{\headheight}{14.73pt}.
(fancyhdr)                You might also make \topmargin smaller:
(fancyhdr)                \addtolength{\topmargin}{-0.23pt}.

[44 <./Pictures/graphs/mortality.png>]
<Pictures/graphs/diseases.png, id=458, 529.98pt x 326.93571pt>
File: Pictures/graphs/diseases.png Graphic file (type png)
<use Pictures/graphs/diseases.png>
Package pdftex.def Info: Pictures/graphs/diseases.png  used on input line 350.
(pdftex.def)             Requested size: 341.43437pt x 210.62497pt.
<Pictures/graphs/ODD3_scores.png, id=459, 1006.4802pt x 715.473pt>
File: Pictures/graphs/ODD3_scores.png Graphic file (type png)
<use Pictures/graphs/ODD3_scores.png>
Package pdftex.def Info: Pictures/graphs/ODD3_scores.png  used on input line 36
0.
(pdftex.def)             Requested size: 405.45047pt x 288.21474pt.

Underfull \vbox (badness 10000) has occurred while \output is active []



[45 <./Pictures/graphs/diseases.png>]
Overfull \hbox (39.84889pt too wide) in alignment at lines 399--399
[][][][][] 
 []




Package fancyhdr Warning: \headheight is too small (14.5pt): 
(fancyhdr)                Make it at least 14.73pt, for example:
(fancyhdr)                \setlength{\headheight}{14.73pt}.
(fancyhdr)                You might also make \topmargin smaller:
(fancyhdr)                \addtolength{\topmargin}{-0.23pt}.

[46 <./Pictures/graphs/ODD3_scores.png>]
Package mdframed Info: mdframed works in twoside mode on input line 407.
Package mdframed Info: mdframed detected package amsthm 
 changed the theorem header of amsthm
(mdframed)              on input line 407.
File: Pictures/ODD/ODD04.jpg Graphic file (type jpg)
<use Pictures/ODD/ODD04.jpg>
Package pdftex.def Info: Pictures/ODD/ODD04.jpg  used on input line 410.
(pdftex.def)             Requested size: 61.91617pt x 61.89183pt.
Package mdframed Info: Not enough space on this page on input line 417.
<Pictures/graphs/sdg4_primary_second.png, id=470, 529.98pt x 326.93571pt>
File: Pictures/graphs/sdg4_primary_second.png Graphic file (type png)
<use Pictures/graphs/sdg4_primary_second.png>
Package pdftex.def Info: Pictures/graphs/sdg4_primary_second.png  used on input
 line 431.
(pdftex.def)             Requested size: 341.43437pt x 210.62497pt.


[47 <./Pictures/graphs/sdg4_primary_second.png>]
<Pictures/graphs/ODD4_scores.png, id=476, 1006.7211pt x 715.473pt>
File: Pictures/graphs/ODD4_scores.png Graphic file (type png)
<use Pictures/graphs/ODD4_scores.png>
Package pdftex.def Info: Pictures/graphs/ODD4_scores.png  used on input line 47
2.
(pdftex.def)             Requested size: 405.45047pt x 288.16016pt.

Underfull \vbox (badness 10000) has occurred while \output is active []




Package fancyhdr Warning: \headheight is too small (14.5pt): 
(fancyhdr)                Make it at least 14.73pt, for example:
(fancyhdr)                \setlength{\headheight}{14.73pt}.
(fancyhdr)                You might also make \topmargin smaller:
(fancyhdr)                \addtolength{\topmargin}{-0.23pt}.

[48]
! Misplaced \noalign.
\rowcolor ->\noalign 
                     {\ifnum 0=`}\fi \global \let \CT@do@color \CT@@do@color...
l.511 	\end{tabularx}
                     
I expect to see \noalign only after the \cr of
an alignment. Proceed, and I'll ignore this case.

! Misplaced \noalign.
\rowcolor ->\noalign 
                     {\ifnum 0=`}\fi \global \let \CT@do@color \CT@@do@color...
l.511 	\end{tabularx}
                     
I expect to see \noalign only after the \cr of
an alignment. Proceed, and I'll ignore this case.

! Misplaced \noalign.
\rowcolor ->\noalign 
                     {\ifnum 0=`}\fi \global \let \CT@do@color \CT@@do@color...
l.511 	\end{tabularx}
                     
I expect to see \noalign only after the \cr of
an alignment. Proceed, and I'll ignore this case.


Overfull \hbox (80.90103pt too wide) in alignment at lines 511--511
[][][][][] 
 []

! Undefined control sequence.
l.519 \newpages
               
The control sequence at the end of the top line
of your error message was never \def'ed. If you have
misspelled it (e.g., `\hobx'), type `I' and the correct
spelling (e.g., `I\hbox'). Otherwise just continue,
and I'll forget about whatever was undefined.

Package mdframed Info: mdframed works in twoside mode on input line 520.
Package mdframed Info: mdframed detected package amsthm 
 changed the theorem header of amsthm
(mdframed)              on input line 520.
File: Pictures/ODD/ODD05.jpg Graphic file (type jpg)
<use Pictures/ODD/ODD05.jpg>
Package pdftex.def Info: Pictures/ODD/ODD05.jpg  used on input line 523.
(pdftex.def)             Requested size: 61.91617pt x 61.89183pt.


[49 <./Pictures/graphs/ODD4_scores.png>]
Package mdframed Info: Not enough space on this page on input line 530.
<Pictures/graphs/sdg5_parl.png, id=487, 529.98pt x 326.93571pt>
File: Pictures/graphs/sdg5_parl.png Graphic file (type png)
<use Pictures/graphs/sdg5_parl.png>
Package pdftex.def Info: Pictures/graphs/sdg5_parl.png  used on input line 543.

(pdftex.def)             Requested size: 341.43437pt x 210.62497pt.



Package fancyhdr Warning: \headheight is too small (14.5pt): 
(fancyhdr)                Make it at least 14.73pt, for example:
(fancyhdr)                \setlength{\headheight}{14.73pt}.
(fancyhdr)                You might also make \topmargin smaller:
(fancyhdr)                \addtolength{\topmargin}{-0.23pt}.

[50 <./Pictures/graphs/sdg5_parl.png>]
<Pictures/graphs/sdg5_familyplanning.png, id=493, 529.98pt x 326.93571pt>
File: Pictures/graphs/sdg5_familyplanning.png Graphic file (type png)
<use Pictures/graphs/sdg5_familyplanning.png>
Package pdftex.def Info: Pictures/graphs/sdg5_familyplanning.png  used on input
 line 563.
(pdftex.def)             Requested size: 341.43437pt x 210.62497pt.
<Pictures/graphs/ODD5_scores.png, id=494, 1004.553pt x 715.473pt>
File: Pictures/graphs/ODD5_scores.png Graphic file (type png)
<use Pictures/graphs/ODD5_scores.png>
Package pdftex.def Info: Pictures/graphs/ODD5_scores.png  used on input line 57
5.
(pdftex.def)             Requested size: 405.45047pt x 288.77151pt.

Underfull \vbox (badness 10000) has occurred while \output is active []



[51 <./Pictures/graphs/sdg5_familyplanning.png>]
Overfull \hbox (29.8283pt too wide) in alignment at lines 608--608
[][][][][] 
 []




Package fancyhdr Warning: \headheight is too small (14.5pt): 
(fancyhdr)                Make it at least 14.73pt, for example:
(fancyhdr)                \setlength{\headheight}{14.73pt}.
(fancyhdr)                You might also make \topmargin smaller:
(fancyhdr)                \addtolength{\topmargin}{-0.23pt}.

[52 <./Pictures/graphs/ODD5_scores.png>]
Package mdframed Info: mdframed works in twoside mode on input line 616.
Package mdframed Info: mdframed detected package amsthm 
 changed the theorem header of amsthm
(mdframed)              on input line 616.
File: Pictures/ODD/ODD06.jpg Graphic file (type jpg)
<use Pictures/ODD/ODD06.jpg>
Package pdftex.def Info: Pictures/ODD/ODD06.jpg  used on input line 619.
(pdftex.def)             Requested size: 61.91617pt x 61.89183pt.
Package mdframed Info: Not enough space on this page on input line 626.
<Pictures/graphs/sdg6_water.png, id=505, 529.98pt x 326.93571pt>
File: Pictures/graphs/sdg6_water.png Graphic file (type png)
<use Pictures/graphs/sdg6_water.png>
Package pdftex.def Info: Pictures/graphs/sdg6_water.png  used on input line 641
.
(pdftex.def)             Requested size: 341.43437pt x 210.62497pt.


[53 <./Pictures/graphs/sdg6_water.png>]
Overfull \hbox (6.98277pt too wide) in paragraph at lines 662--663
[]\T1/ptm/m/n/12 (-20) L'indicateur util-isé est le prélève-ment d'eau douce ex
-primé en pour-cent-age des ressources
 []

<Pictures/graphs/sdg6_freshwat.png, id=513, 529.98pt x 326.93571pt>
File: Pictures/graphs/sdg6_freshwat.png Graphic file (type png)
<use Pictures/graphs/sdg6_freshwat.png>
Package pdftex.def Info: Pictures/graphs/sdg6_freshwat.png  used on input line 
666.
(pdftex.def)             Requested size: 341.43437pt x 210.62497pt.
<Pictures/graphs/ODD6_scores.png, id=514, 1004.553pt x 715.473pt>
File: Pictures/graphs/ODD6_scores.png Graphic file (type png)
<use Pictures/graphs/ODD6_scores.png>
Package pdftex.def Info: Pictures/graphs/ODD6_scores.png  used on input line 67
8.
(pdftex.def)             Requested size: 405.45047pt x 288.77151pt.



Package fancyhdr Warning: \headheight is too small (14.5pt): 
(fancyhdr)                Make it at least 14.73pt, for example:
(fancyhdr)                \setlength{\headheight}{14.73pt}.
(fancyhdr)                You might also make \topmargin smaller:
(fancyhdr)                \addtolength{\topmargin}{-0.23pt}.

[54 <./Pictures/graphs/sdg6_freshwat.png>]
Overfull \hbox (100.91635pt too wide) in alignment at lines 699--699
[][][][][] 
 []



[55 <./Pictures/graphs/ODD6_scores.png>]
Package mdframed Info: mdframed works in twoside mode on input line 708.
Package mdframed Info: mdframed detected package amsthm 
 changed the theorem header of amsthm
(mdframed)              on input line 708.
File: Pictures/ODD/ODD07.jpg Graphic file (type jpg)
<use Pictures/ODD/ODD07.jpg>
Package pdftex.def Info: Pictures/ODD/ODD07.jpg  used on input line 711.
(pdftex.def)             Requested size: 61.91617pt x 61.89183pt.
Package mdframed Info: Not enough space on this page on input line 718.
<Pictures/graphs/sdg7__elecac.png, id=527, 529.98pt x 326.93571pt>
File: Pictures/graphs/sdg7__elecac.png Graphic file (type png)
<use Pictures/graphs/sdg7__elecac.png>
Package pdftex.def Info: Pictures/graphs/sdg7__elecac.png  used on input line 7
30.
(pdftex.def)             Requested size: 341.43437pt x 210.62497pt.
<Pictures/graphs/ODD7_scores.png, id=528, 1004.553pt x 715.473pt>
File: Pictures/graphs/ODD7_scores.png Graphic file (type png)
<use Pictures/graphs/ODD7_scores.png>
Package pdftex.def Info: Pictures/graphs/ODD7_scores.png  used on input line 74
5.
(pdftex.def)             Requested size: 405.45047pt x 288.77151pt.

Underfull \vbox (badness 2591) has occurred while \output is active []




Package fancyhdr Warning: \headheight is too small (14.5pt): 
(fancyhdr)                Make it at least 14.73pt, for example:
(fancyhdr)                \setlength{\headheight}{14.73pt}.
(fancyhdr)                You might also make \topmargin smaller:
(fancyhdr)                \addtolength{\topmargin}{-0.23pt}.

[56 <./Pictures/graphs/sdg7__elecac.png>]
Overfull \hbox (55.01633pt too wide) in alignment at lines 760--760
[][][][][] 
 []



[57 <./Pictures/graphs/ODD7_scores.png>]
Package mdframed Info: mdframed works in twoside mode on input line 769.
Package mdframed Info: mdframed detected package amsthm 
 changed the theorem header of amsthm
(mdframed)              on input line 769.
File: Pictures/ODD/ODD08.jpg Graphic file (type jpg)
<use Pictures/ODD/ODD08.jpg>
Package pdftex.def Info: Pictures/ODD/ODD08.jpg  used on input line 772.
(pdftex.def)             Requested size: 61.91617pt x 61.89183pt.
Package mdframed Info: Not enough space on this page on input line 779.
<Pictures/graphs/sdg8_unemp.png, id=539, 529.98pt x 326.93571pt>
File: Pictures/graphs/sdg8_unemp.png Graphic file (type png)
<use Pictures/graphs/sdg8_unemp.png>
Package pdftex.def Info: Pictures/graphs/sdg8_unemp.png  used on input line 791
.
(pdftex.def)             Requested size: 341.43437pt x 210.62497pt.
<Pictures/graphs/ODD8_scores.png, id=540, 1004.553pt x 715.473pt>
File: Pictures/graphs/ODD8_scores.png Graphic file (type png)
<use Pictures/graphs/ODD8_scores.png>
Package pdftex.def Info: Pictures/graphs/ODD8_scores.png  used on input line 80
7.
(pdftex.def)             Requested size: 405.45047pt x 288.77151pt.

Underfull \vbox (badness 10000) has occurred while \output is active []




Package fancyhdr Warning: \headheight is too small (14.5pt): 
(fancyhdr)                Make it at least 14.73pt, for example:
(fancyhdr)                \setlength{\headheight}{14.73pt}.
(fancyhdr)                You might also make \topmargin smaller:
(fancyhdr)                \addtolength{\topmargin}{-0.23pt}.

[58 <./Pictures/graphs/sdg8_unemp.png>]
Overfull \hbox (80.1809pt too wide) in alignment at lines 836--836
[][][][][] 
 []



[59 <./Pictures/graphs/ODD8_scores.png>]
Package mdframed Info: mdframed works in twoside mode on input line 845.
Package mdframed Info: mdframed detected package amsthm 
 changed the theorem header of amsthm
(mdframed)              on input line 845.
File: Pictures/ODD/ODD09.jpg Graphic file (type jpg)
<use Pictures/ODD/ODD09.jpg>
Package pdftex.def Info: Pictures/ODD/ODD09.jpg  used on input line 848.
(pdftex.def)             Requested size: 61.91617pt x 61.89183pt.
Package mdframed Info: Not enough space on this page on input line 855.
<Pictures/graphs/sdg9_intuse.png, id=552, 529.98pt x 326.93571pt>
File: Pictures/graphs/sdg9_intuse.png Graphic file (type png)
<use Pictures/graphs/sdg9_intuse.png>
Package pdftex.def Info: Pictures/graphs/sdg9_intuse.png  used on input line 86
8.
(pdftex.def)             Requested size: 341.43437pt x 210.62497pt.
<Pictures/graphs/sdg9_articles.png, id=553, 529.98pt x 326.93571pt>
File: Pictures/graphs/sdg9_articles.png Graphic file (type png)
<use Pictures/graphs/sdg9_articles.png>
Package pdftex.def Info: Pictures/graphs/sdg9_articles.png  used on input line 
875.
(pdftex.def)             Requested size: 341.43437pt x 210.62497pt.

Underfull \vbox (badness 10000) has occurred while \output is active []




Package fancyhdr Warning: \headheight is too small (14.5pt): 
(fancyhdr)                Make it at least 14.73pt, for example:
(fancyhdr)                \setlength{\headheight}{14.73pt}.
(fancyhdr)                You might also make \topmargin smaller:
(fancyhdr)                \addtolength{\topmargin}{-0.23pt}.

[60 <./Pictures/graphs/sdg9_intuse.png>]
<Pictures/graphs/ODD9_scores.png, id=559, 1004.553pt x 715.473pt>
File: Pictures/graphs/ODD9_scores.png Graphic file (type png)
<use Pictures/graphs/ODD9_scores.png>
Package pdftex.def Info: Pictures/graphs/ODD9_scores.png  used on input line 88
5.
(pdftex.def)             Requested size: 405.45047pt x 288.77151pt.

Overfull \hbox (43.73734pt too wide) in alignment at lines 904--904
[][][][][] 
 []


Underfull \vbox (badness 10000) has occurred while \output is active []



[61 <./Pictures/graphs/sdg9_articles.png> <./Pictures/graphs/ODD9_scores.png>]


Package fancyhdr Warning: \headheight is too small (14.5pt): 
(fancyhdr)                Make it at least 14.73pt, for example:
(fancyhdr)                \setlength{\headheight}{14.73pt}.
(fancyhdr)                You might also make \topmargin smaller:
(fancyhdr)                \addtolength{\topmargin}{-0.23pt}.

[62]
Package mdframed Info: mdframed works in twoside mode on input line 912.
Package mdframed Info: mdframed detected package amsthm 
 changed the theorem header of amsthm
(mdframed)              on input line 912.
File: Pictures/ODD/ODD10.jpg Graphic file (type jpg)
<use Pictures/ODD/ODD10.jpg>
Package pdftex.def Info: Pictures/ODD/ODD10.jpg  used on input line 915.
(pdftex.def)             Requested size: 61.91617pt x 61.89183pt.
Package mdframed Info: Not enough space on this page on input line 922.

Overfull \hbox (11.11365pt too wide) in paragraph at lines 927--929
\T1/ptm/m/n/12 (-20) La cible 10.1 vise à as-surer, d'ici à 2030, une crois-san
ce in-clu-sive en fa-vorisant l'augmentation
 []

<Pictures/graphs/ODD10_scores.png, id=572, 1004.553pt x 715.473pt>
File: Pictures/graphs/ODD10_scores.png Graphic file (type png)
<use Pictures/graphs/ODD10_scores.png>
Package pdftex.def Info: Pictures/graphs/ODD10_scores.png  used on input line 9
59.
(pdftex.def)             Requested size: 405.45047pt x 288.77151pt.

Underfull \vbox (badness 10000) has occurred while \output is active []



[63]
Overfull \hbox (21.48932pt too wide) in alignment at lines 976--976
[][][][][] 
 []




Package fancyhdr Warning: \headheight is too small (14.5pt): 
(fancyhdr)                Make it at least 14.73pt, for example:
(fancyhdr)                \setlength{\headheight}{14.73pt}.
(fancyhdr)                You might also make \topmargin smaller:
(fancyhdr)                \addtolength{\topmargin}{-0.23pt}.

[64 <./Pictures/graphs/ODD10_scores.png>]
Package mdframed Info: mdframed works in twoside mode on input line 985.
Package mdframed Info: mdframed detected package amsthm 
 changed the theorem header of amsthm
(mdframed)              on input line 985.
File: Pictures/ODD/ODD11.jpg Graphic file (type jpg)
<use Pictures/ODD/ODD11.jpg>
Package pdftex.def Info: Pictures/ODD/ODD11.jpg  used on input line 988.
(pdftex.def)             Requested size: 61.91617pt x 61.89183pt.
Package mdframed Info: Not enough space on this page on input line 995.
<Pictures/graphs/ODD11_scores.png, id=583, 1004.553pt x 715.473pt>
File: Pictures/graphs/ODD11_scores.png Graphic file (type png)
<use Pictures/graphs/ODD11_scores.png>
Package pdftex.def Info: Pictures/graphs/ODD11_scores.png  used on input line 1
062.
(pdftex.def)             Requested size: 405.45047pt x 288.77151pt.

Underfull \vbox (badness 10000) has occurred while \output is active []



[65]
Underfull \hbox (badness 10000) in alignment at lines 1075--1075
[][][][][] 
 []




Package fancyhdr Warning: \headheight is too small (14.5pt): 
(fancyhdr)                Make it at least 14.73pt, for example:
(fancyhdr)                \setlength{\headheight}{14.73pt}.
(fancyhdr)                You might also make \topmargin smaller:
(fancyhdr)                \addtolength{\topmargin}{-0.23pt}.

[66 <./Pictures/graphs/ODD11_scores.png>]
Package mdframed Info: mdframed works in twoside mode on input line 1084.
Package mdframed Info: mdframed detected package amsthm 
 changed the theorem header of amsthm
(mdframed)              on input line 1084.
File: Pictures/ODD/ODD12.jpg Graphic file (type jpg)
<use Pictures/ODD/ODD12.jpg>
Package pdftex.def Info: Pictures/ODD/ODD12.jpg  used on input line 1087.
(pdftex.def)             Requested size: 61.91617pt x 61.89183pt.
Package mdframed Info: Not enough space on this page on input line 1094.
<Pictures/graphs/sdg12_pollprod.png, id=594, 529.98pt x 326.93571pt>
File: Pictures/graphs/sdg12_pollprod.png Graphic file (type png)
<use Pictures/graphs/sdg12_pollprod.png>
Package pdftex.def Info: Pictures/graphs/sdg12_pollprod.png  used on input line
 1104.
(pdftex.def)             Requested size: 320.0935pt x 197.45998pt.
<Pictures/graphs/sdg12_pollimp.png, id=595, 529.98pt x 326.93571pt>
File: Pictures/graphs/sdg12_pollimp.png Graphic file (type png)
<use Pictures/graphs/sdg12_pollimp.png>
Package pdftex.def Info: Pictures/graphs/sdg12_pollimp.png  used on input line 
1117.
(pdftex.def)             Requested size: 320.0935pt x 197.45998pt.

Underfull \vbox (badness 10000) has occurred while \output is active []



[67 <./Pictures/graphs/sdg12_pollprod.png>]
<Pictures/graphs/ODD12_scores.png, id=604, 1003.1076pt x 715.473pt>
File: Pictures/graphs/ODD12_scores.png Graphic file (type png)
<use Pictures/graphs/ODD12_scores.png>
Package pdftex.def Info: Pictures/graphs/ODD12_scores.png  used on input line 1
133.
(pdftex.def)             Requested size: 405.45047pt x 289.18637pt.

Underfull \vbox (badness 10000) has occurred while \output is active []




Package fancyhdr Warning: \headheight is too small (14.5pt): 
(fancyhdr)                Make it at least 14.73pt, for example:
(fancyhdr)                \setlength{\headheight}{14.73pt}.
(fancyhdr)                You might also make \topmargin smaller:
(fancyhdr)                \addtolength{\topmargin}{-0.23pt}.

[68 <./Pictures/graphs/sdg12_pollimp.png>]
Underfull \hbox (badness 10000) in alignment at lines 1145--1145
[][][][][] 
 []




Package fancyhdr Warning: \headheight is too small (14.5pt): 
(fancyhdr)                Make it at least 28.14996pt, for example:
(fancyhdr)                \setlength{\headheight}{28.14996pt}.
(fancyhdr)                You might also make \topmargin smaller:
(fancyhdr)                \addtolength{\topmargin}{-13.64996pt}.

[69 <./Pictures/graphs/ODD12_scores.png>]
Package mdframed Info: mdframed works in twoside mode on input line 1154.
Package mdframed Info: mdframed detected package amsthm 
 changed the theorem header of amsthm
(mdframed)              on input line 1154.
File: Pictures/ODD/ODD13.jpg Graphic file (type jpg)
<use Pictures/ODD/ODD13.jpg>
Package pdftex.def Info: Pictures/ODD/ODD13.jpg  used on input line 1157.
(pdftex.def)             Requested size: 61.91617pt x 61.89183pt.
Package mdframed Info: Not enough space on this page on input line 1164.
<Pictures/graphs/sdg13_co2gcp.png, id=615, 529.98pt x 326.93571pt>
File: Pictures/graphs/sdg13_co2gcp.png Graphic file (type png)
<use Pictures/graphs/sdg13_co2gcp.png>
Package pdftex.def Info: Pictures/graphs/sdg13_co2gcp.png  used on input line 1
174.
(pdftex.def)             Requested size: 320.0935pt x 197.45998pt.
<Pictures/graphs/sdg13_ghgimport.png, id=616, 529.98pt x 326.93571pt>
File: Pictures/graphs/sdg13_ghgimport.png Graphic file (type png)
<use Pictures/graphs/sdg13_ghgimport.png>
Package pdftex.def Info: Pictures/graphs/sdg13_ghgimport.png  used on input lin
e 1187.
(pdftex.def)             Requested size: 320.0935pt x 197.45998pt.

Underfull \vbox (badness 2205) has occurred while \output is active []




Package fancyhdr Warning: \headheight is too small (14.5pt): 
(fancyhdr)                Make it at least 14.73pt, for example:
(fancyhdr)                \setlength{\headheight}{14.73pt}.
(fancyhdr)                You might also make \topmargin smaller:
(fancyhdr)                \addtolength{\topmargin}{-0.23pt}.

[70 <./Pictures/graphs/sdg13_co2gcp.png>]
<Pictures/graphs/ODD13_scores.png, id=624, 1002.3849pt x 715.473pt>
File: Pictures/graphs/ODD13_scores.png Graphic file (type png)
<use Pictures/graphs/ODD13_scores.png>
Package pdftex.def Info: Pictures/graphs/ODD13_scores.png  used on input line 1
204.
(pdftex.def)             Requested size: 405.45047pt x 289.3938pt.

Underfull \vbox (badness 10000) has occurred while \output is active []



[71 <./Pictures/graphs/sdg13_ghgimport.png>]
Underfull \hbox (badness 10000) in alignment at lines 1215--1215
[][][][][] 
 []




Package fancyhdr Warning: \headheight is too small (14.5pt): 
(fancyhdr)                Make it at least 14.73pt, for example:
(fancyhdr)                \setlength{\headheight}{14.73pt}.
(fancyhdr)                You might also make \topmargin smaller:
(fancyhdr)                \addtolength{\topmargin}{-0.23pt}.

[72 <./Pictures/graphs/ODD13_scores.png>]
Package mdframed Info: mdframed works in twoside mode on input line 1223.
Package mdframed Info: mdframed detected package amsthm 
 changed the theorem header of amsthm
(mdframed)              on input line 1223.
File: Pictures/ODD/ODD14.jpg Graphic file (type jpg)
<use Pictures/ODD/ODD14.jpg>
Package pdftex.def Info: Pictures/ODD/ODD14.jpg  used on input line 1226.
(pdftex.def)             Requested size: 61.91617pt x 61.89183pt.
Package mdframed Info: Not enough space on this page on input line 1233.
<Pictures/graphs/sdg14_cpma.png, id=635, 529.98pt x 326.93571pt>
File: Pictures/graphs/sdg14_cpma.png Graphic file (type png)
<use Pictures/graphs/sdg14_cpma.png>
Package pdftex.def Info: Pictures/graphs/sdg14_cpma.png  used on input line 124
3.
(pdftex.def)             Requested size: 320.0935pt x 197.45998pt.
<Pictures/graphs/sdg14_fishstocks.png, id=636, 529.98pt x 326.93571pt>
File: Pictures/graphs/sdg14_fishstocks.png Graphic file (type png)
<use Pictures/graphs/sdg14_fishstocks.png>
Package pdftex.def Info: Pictures/graphs/sdg14_fishstocks.png  used on input li
ne 1256.
(pdftex.def)             Requested size: 320.0935pt x 197.45998pt.

Underfull \vbox (badness 10000) has occurred while \output is active []



[73 <./Pictures/graphs/sdg14_cpma.png>]
<Pictures/graphs/sdg14_trawl.png, id=646, 529.98pt x 326.93571pt>
File: Pictures/graphs/sdg14_trawl.png Graphic file (type png)
<use Pictures/graphs/sdg14_trawl.png>
Package pdftex.def Info: Pictures/graphs/sdg14_trawl.png  used on input line 12
65.
(pdftex.def)             Requested size: 320.0935pt x 197.45998pt.



Package fancyhdr Warning: \headheight is too small (14.5pt): 
(fancyhdr)                Make it at least 14.73pt, for example:
(fancyhdr)                \setlength{\headheight}{14.73pt}.
(fancyhdr)                You might also make \topmargin smaller:
(fancyhdr)                \addtolength{\topmargin}{-0.23pt}.

[74 <./Pictures/graphs/sdg14_fishstocks.png> <./Pictures/graphs/sdg14_trawl.png
>]
<Pictures/graphs/ODD14_scores.png, id=653, 1004.553pt x 715.473pt>
File: Pictures/graphs/ODD14_scores.png Graphic file (type png)
<use Pictures/graphs/ODD14_scores.png>
Package pdftex.def Info: Pictures/graphs/ODD14_scores.png  used on input line 1
281.
(pdftex.def)             Requested size: 405.45047pt x 288.77151pt.

Overfull \hbox (53.68161pt too wide) in alignment at lines 1292--1292
[][][][][] 
 []



[75 <./Pictures/graphs/ODD14_scores.png>]
Package mdframed Info: mdframed works in twoside mode on input line 1301.
Package mdframed Info: mdframed detected package amsthm 
 changed the theorem header of amsthm
(mdframed)              on input line 1301.
File: Pictures/ODD/ODD15.jpg Graphic file (type jpg)
<use Pictures/ODD/ODD15.jpg>
Package pdftex.def Info: Pictures/ODD/ODD15.jpg  used on input line 1304.
(pdftex.def)             Requested size: 61.91617pt x 61.89183pt.
Package mdframed Info: Not enough space on this page on input line 1311.
<Pictures/graphs/sdg15_cpta.png, id=659, 529.98pt x 326.93571pt>
File: Pictures/graphs/sdg15_cpta.png Graphic file (type png)
<use Pictures/graphs/sdg15_cpta.png>
Package pdftex.def Info: Pictures/graphs/sdg15_cpta.png  used on input line 132
4.
(pdftex.def)             Requested size: 320.0935pt x 197.45998pt.
<Pictures/graphs/sdg15_cpfa.png, id=660, 529.98pt x 326.93571pt>
File: Pictures/graphs/sdg15_cpfa.png Graphic file (type png)
<use Pictures/graphs/sdg15_cpfa.png>
Package pdftex.def Info: Pictures/graphs/sdg15_cpfa.png  used on input line 133
3.
(pdftex.def)             Requested size: 320.0935pt x 197.45998pt.

Underfull \vbox (badness 10000) has occurred while \output is active []




Package fancyhdr Warning: \headheight is too small (14.5pt): 
(fancyhdr)                Make it at least 14.73pt, for example:
(fancyhdr)                \setlength{\headheight}{14.73pt}.
(fancyhdr)                You might also make \topmargin smaller:
(fancyhdr)                \addtolength{\topmargin}{-0.23pt}.

[76 <./Pictures/graphs/sdg15_cpta.png>]
<Pictures/graphs/ODD15_scores.png, id=668, 1004.553pt x 715.473pt>
File: Pictures/graphs/ODD15_scores.png Graphic file (type png)
<use Pictures/graphs/ODD15_scores.png>
Package pdftex.def Info: Pictures/graphs/ODD15_scores.png  used on input line 1
346.
(pdftex.def)             Requested size: 405.45047pt x 288.77151pt.

Underfull \hbox (badness 10000) in alignment at lines 1359--1359
[][][][][] 
 []



[77 <./Pictures/graphs/sdg15_cpfa.png> <./Pictures/graphs/ODD15_scores.png>]


Package fancyhdr Warning: \headheight is too small (14.5pt): 
(fancyhdr)                Make it at least 14.73pt, for example:
(fancyhdr)                \setlength{\headheight}{14.73pt}.
(fancyhdr)                You might also make \topmargin smaller:
(fancyhdr)                \addtolength{\topmargin}{-0.23pt}.

[78]
Package mdframed Info: mdframed works in twoside mode on input line 1369.
Package mdframed Info: mdframed detected package amsthm 
 changed the theorem header of amsthm
(mdframed)              on input line 1369.
File: Pictures/ODD/ODD16.jpg Graphic file (type jpg)
<use Pictures/ODD/ODD16.jpg>
Package pdftex.def Info: Pictures/ODD/ODD16.jpg  used on input line 1372.
(pdftex.def)             Requested size: 61.91617pt x 61.89183pt.
Package mdframed Info: Not enough space on this page on input line 1379.
<Pictures/graphs/ODD16_scores.png, id=679, 1004.553pt x 715.473pt>
File: Pictures/graphs/ODD16_scores.png Graphic file (type png)
<use Pictures/graphs/ODD16_scores.png>
Package pdftex.def Info: Pictures/graphs/ODD16_scores.png  used on input line 1
396.
(pdftex.def)             Requested size: 405.45047pt x 288.77151pt.

Underfull \vbox (badness 10000) has occurred while \output is active []



[79]
Overfull \hbox (71.87648pt too wide) in alignment at lines 1413--1413
[][][][][] 
 []




Package fancyhdr Warning: \headheight is too small (14.5pt): 
(fancyhdr)                Make it at least 14.73pt, for example:
(fancyhdr)                \setlength{\headheight}{14.73pt}.
(fancyhdr)                You might also make \topmargin smaller:
(fancyhdr)                \addtolength{\topmargin}{-0.23pt}.

[80 <./Pictures/graphs/ODD16_scores.png>]
Package mdframed Info: mdframed works in twoside mode on input line 1425.
Package mdframed Info: mdframed detected package amsthm 
 changed the theorem header of amsthm
(mdframed)              on input line 1425.
File: Pictures/ODD/ODD17.jpg Graphic file (type jpg)
<use Pictures/ODD/ODD17.jpg>
Package pdftex.def Info: Pictures/ODD/ODD17.jpg  used on input line 1428.
(pdftex.def)             Requested size: 61.91617pt x 61.89183pt.
Package mdframed Info: Not enough space on this page on input line 1435.
<Pictures/graphs/sdg17_govex.png, id=691, 529.98pt x 326.93571pt>
File: Pictures/graphs/sdg17_govex.png Graphic file (type png)
<use Pictures/graphs/sdg17_govex.png>
Package pdftex.def Info: Pictures/graphs/sdg17_govex.png  used on input line 14
45.
(pdftex.def)             Requested size: 341.43437pt x 210.62497pt.


[81 <./Pictures/graphs/sdg17_govex.png>]
<Pictures/graphs/ODD17_scores.png, id=698, 1004.553pt x 715.473pt>
File: Pictures/graphs/ODD17_scores.png Graphic file (type png)
<use Pictures/graphs/ODD17_scores.png>
Package pdftex.def Info: Pictures/graphs/ODD17_scores.png  used on input line 1
459.
(pdftex.def)             Requested size: 405.45047pt x 288.77151pt.

Overfull \hbox (47.45757pt too wide) in alignment at lines 1478--1478
[][][][][] 
 []

)


Package fancyhdr Warning: \headheight is too small (14.5pt): 
(fancyhdr)                Make it at least 14.73pt, for example:
(fancyhdr)                \setlength{\headheight}{14.73pt}.
(fancyhdr)                You might also make \topmargin smaller:
(fancyhdr)                \addtolength{\topmargin}{-0.23pt}.

[82 <./Pictures/graphs/ODD17_scores.png>]
\openout2 = `Chapters/analyse_interpretation.aux'.

 (Chapters/analyse_interpretation.tex
Chapter 5.


[83




]
<Pictures/graphs/distribution_MC_ODD.png, id=710, 529.98pt x 326.93571pt>
File: Pictures/graphs/distribution_MC_ODD.png Graphic file (type png)
<use Pictures/graphs/distribution_MC_ODD.png>
Package pdftex.def Info: Pictures/graphs/distribution_MC_ODD.png  used on input
 line 26.
(pdftex.def)             Requested size: 426.79135pt x 263.28496pt.
<Pictures/graphs/distribution_MC_global.png, id=712, 529.98pt x 326.93571pt>
File: Pictures/graphs/distribution_MC_global.png Graphic file (type png)
<use Pictures/graphs/distribution_MC_global.png>
Package pdftex.def Info: Pictures/graphs/distribution_MC_global.png  used on in
put line 38.
(pdftex.def)             Requested size: 362.77525pt x 223.78996pt.

Underfull \vbox (badness 10000) has occurred while \output is active []



[84 <./Pictures/graphs/distribution_MC_ODD.png>])

[85 <./Pictures/graphs/distribution_MC_global.png>]

[86



] (main.toc)
\tf@toc=\write8
\openout8 = `main.toc'.



[87


] (main.aux (Chapters/00-Decharge.aux) (Chapters/00-Remerciements.aux)
(Chapters/sigles.aux) (Chapters/01-Introduction.aux)
(Chapters/02-Presentation_structure.aux) (Chapters/revue.aux)
(Chapters/cadre_et_methodologie.aux) (Chapters/Stat_desc.aux)
(Chapters/analyse_interpretation.aux))
 ***********
LaTeX2e <2025-06-01> patch level 1
L3 programming layer <2025-08-13>
 ***********


LaTeX Warning: There were undefined references.


LaTeX Warning: Label(s) may have changed. Rerun to get cross-references right.


Package biblatex Warning: Please (re)run Biber on the file:
(biblatex)                main
(biblatex)                and rerun LaTeX afterwards.

Package logreq Info: Writing requests to 'main.run.xml'.
\openout1 = `main.run.xml'.

 ) 
Here is how much of TeX's memory you used:
 40091 strings out of 468132
 792538 string characters out of 5432142
 1783343 words of memory out of 5000000
 67344 multiletter control sequences out of 15000+600000
 743159 words of font info for 445 fonts, out of 8000000 for 9000
 1141 hyphenation exceptions out of 8191
 89i,13n,94p,1379b,2242s stack positions out of 10000i,1000n,20000p,200000b,200000s
<C:/Users/hp/AppData/Local/Programs/MiKTeX/fonts/type1/public/amsfonts/cm/cme
x10.pfb><C:/Users/hp/AppData/Local/Programs/MiKTeX/fonts/type1/public/amsfonts/
cm/cmmi10.pfb><C:/Users/hp/AppData/Local/Programs/MiKTeX/fonts/type1/public/ams
fonts/cm/cmr10.pfb><C:/Users/hp/AppData/Local/Programs/MiKTeX/fonts/type1/publi
c/amsfonts/cm/cmsy10.pfb><C:/Users/hp/AppData/Local/Programs/MiKTeX/fonts/type1
/urw/avantgar/uagd8a.pfb><C:/Users/hp/AppData/Local/Programs/MiKTeX/fonts/type1
/urw/avantgar/uagk8a.pfb><C:/Users/hp/AppData/Local/Programs/MiKTeX/fonts/type1
/urw/symbol/usyr.pfb><C:/Users/hp/AppData/Local/Programs/MiKTeX/fonts/type1/urw
/symbol/usyr.pfb><C:/Users/hp/AppData/Local/Programs/MiKTeX/fonts/type1/urw/tim
es/utmb8a.pfb><C:/Users/hp/AppData/Local/Programs/MiKTeX/fonts/type1/urw/times/
utmr8a.pfb><C:/Users/hp/AppData/Local/Programs/MiKTeX/fonts/type1/urw/times/utm
ri8a.pfb>
Output written on main.pdf (87 pages, 24921216 bytes).
PDF statistics:
 870 PDF objects out of 1000 (max. 8388607)
 201 named destinations out of 1000 (max. 500000)
 118185 words of extra memory for PDF output out of 128383 (max. 10000000)

